Customer_ID,Name,Gender,Country,Sales_Amount,Date_of_Purchase,Age
151,Alice,Female,USA,410.4900559,05-01-2023,40
192,Bob,Male,India,488.109126,05-02-2023,28
114,Charlie,Male,USA,270.1141974,15-03-2023,35
171,David,Female,UK,949.5662584,15-04-2023,30
160,Eve,Female,India,643.0417926,20-05-2023,35
120,Eve,Female,India,444.4194485,20-05-2023,40
182,Frank,Male,France,517.5852137,25-06-2023,35
186,Grace,Female,France,557.7620324,25-07-2023,35
174,Henry,Male,UK,612.5435422,30-09-2023,25
187,Alice,Female,USA,935.5135786,05-01-2023,35
199,Bob,Male,India,597.5707863,05-02-2023,30
123,Charlie,Male,USA,993.7264119,15-03-2023,33
102,David,Female,UK,881.1399662,15-04-2023,35
121,Eve,Female,India,366.8084115,20-05-2023,25
152,Eve,Female,India,944.4761717,20-05-2023,33
101,Frank,Male,France,293.0931183,25-06-2023,28
187,Grace,Female,France,853.9597668,25-07-2023,33
137,Henry,Male,UK,902.3794564,30-09-2023,35
101,Alice,Female,USA,605.85064255,05-01-2023,35
163,Bob,Male,India,844.7403201,05-02-2023,35
159,Charlie,Male,USA,832.024349,15-03-2023,33
120,David,Female,UK,443.7433113,15-04-2023,40
132,Eve,Female,India,264.7354264,20-05-2023,25
175,Eve,Female,India,522.384143,20-05-2023,25
157,Frank,Male,France,338.819612,25-06-2023,33
121,Grace,Female,France,755.9608711,25-07-2023,25
148,Henry,Male,UK,980.4881607,30-09-2023,35
190,Alice,Female,USA,712.7776619,05-01-2023,35
158,Bob,Male,India,857.9844509,05-02-2023,33
141,Charlie,Male,USA,306.0197382,15-03-2023,30
191,David,Female,UK,889.6115858,15-04-2023,35
159,Eve,Female,India,938.2057524,20-05-2023,28
179,Eve,Female,India,589.6495351,20-05-2023,35
114,Frank,Male,France,685.0023502,25-06-2023,25
161,Grace,Female,France,811.8478407,25-07-2023,35
146,Henry,Male,UK,602.0528612,30-09-2023,33
161,Alice,Female,USA,518.9304222,05-01-2023,35
150,Bob,Male,India,317.0991937,05-02-2023,35
154,Charlie,Male,USA,494.0275378,15-03-2023,40
163,David,Female,UK,254.5378475,15-04-2023,25
102,Eve,Female,India,220.6495256,20-05-2023,25
150,Eve,Female,India,308.1330313,20-05-2023,35
106,Frank,Male,France,970.4920893,25-06-2023,35
120,Grace,Female,France,639.6236287,25-07-2023,30
138,Henry,Male,UK,605.85064255,30-09-2023,33
117,Alice,Female,USA,449.4529065,05-01-2023,25
103,Bob,Male,India,604.9134903,05-02-2023,35
188,Charlie,Male,USA,605.85064255,15-03-2023,35
159,David,Female,UK,284.5317474,15-04-2023,28
113,Eve,Female,India,712.6610518,20-05-2023,40
108,Eve,Female,India,372.830546,20-05-2023,30
189,Frank,Male,France,695.6703639,25-06-2023,35
152,Grace,Female,France,720.1608739,25-07-2023,35
183,Henry,Male,UK,249.0797017,30-09-2023,35
191,Alice,Female,USA,824.6092689,05-01-2023,25
159,Bob,Male,India,567.840339,05-02-2023,25
170,Charlie,Male,USA,246.5310364,15-03-2023,35
143,David,Female,UK,995.8930537,15-04-2023,28
107,Eve,Female,India,246.2244488,20-05-2023,35
146,Eve,Female,India,756.0281831,20-05-2023,35
134,Frank,Male,France,986.9431402,25-06-2023,35
177,Grace,Female,France,391.3440834,25-07-2023,35
135,Henry,Male,UK,297.1079515,30-09-2023,35
149,Alice,Female,USA,605.85064255,05-01-2023,40
103,Bob,Male,India,280.8366488,05-02-2023,40
101,Charlie,Male,USA,753.7290734,15-03-2023,28
105,David,Female,UK,249.8334385,15-04-2023,40
153,Eve,Female,India,607.5377025,20-05-2023,35
103,Eve,Female,India,997.3574831,20-05-2023,35
153,Frank,Male,France,851.1762156,25-06-2023,35
192,Grace,Female,France,692.1755506,25-07-2023,30
117,Henry,Male,UK,699.116669,30-09-2023,35
189,Alice,Female,USA,621.6331711,05-01-2023,25
143,Bob,Male,India,540.8667071,05-02-2023,25
133,Charlie,Male,USA,304.5683014,15-03-2023,30
173,David,Female,UK,909.2833722,15-04-2023,30
161,Eve,Female,India,559.8277191,20-05-2023,30
199,Eve,Female,India,355.6980095,20-05-2023,35
113,Frank,Male,France,494.2074807,25-06-2023,25
194,Grace,Female,France,531.303802,25-07-2023,35
114,Henry,Male,UK,786.8915044,30-09-2023,28
171,Alice,Female,USA,815.4439149,05-01-2023,35
177,Bob,Male,India,208.8250115,05-02-2023,35
186,Charlie,Male,USA,532.9231985,15-03-2023,30
161,David,Female,UK,585.0753213,15-04-2023,35
139,Eve,Female,India,215.3538215,20-05-2023,33
184,Eve,Female,India,407.850567,20-05-2023,30
179,Frank,Male,France,808.2318585,25-06-2023,25
181,Grace,Female,France,309.6877646,25-07-2023,40
123,Henry,Male,UK,372.1614976,30-09-2023,35
125,Alice,Female,USA,209.6966197,05-01-2023,40
188,Bob,Male,India,392.9611661,05-02-2023,33
159,Charlie,Male,USA,980.6990039,15-03-2023,28
140,David,Female,UK,841.2296895,15-04-2023,40
128,Eve,Female,India,967.6613155,20-05-2023,35
114,Eve,Female,India,590.2832351,20-05-2023,35
144,Frank,Male,France,287.7889589,25-06-2023,30
164,Grace,Female,France,638.3675912,25-07-2023,33
170,Henry,Male,UK,875.4856662,30-09-2023,35
108,Alice,Female,USA,278.4660646,05-01-2023,28
187,Bob,Male,India,590.5929096,05-02-2023,25
100,Charlie,Male,USA,605.85064255,15-03-2023,30
107,David,Female,UK,459.7407415,15-04-2023,33
187,Eve,Female,India,789.8856619,20-05-2023,28
162,Eve,Female,India,580.8145035,20-05-2023,35
110,Frank,Male,France,500.7106281,25-06-2023,33
180,Grace,Female,France,515.5810229,25-07-2023,28
134,Henry,Male,UK,828.0132351,30-09-2023,25
134,Alice,Female,USA,913.6677512,05-01-2023,25
132,Bob,Male,India,964.2677492,05-02-2023,33
104,Charlie,Male,USA,829.522709,15-03-2023,35
140,David,Female,UK,452.3255166,15-04-2023,33
127,Eve,Female,India,750.5077649,20-05-2023,35
106,Eve,Female,India,550.0824992,20-05-2023,30
172,Frank,Male,France,403.7364976,25-06-2023,28
171,Grace,Female,France,872.6972635,25-07-2023,33
133,Henry,Male,UK,921.4095937,30-09-2023,40
132,Alice,Female,USA,569.1819717,05-01-2023,35
147,Bob,Male,India,709.7611814,05-02-2023,35
122,Charlie,Male,USA,727.4831378,15-03-2023,30
161,David,Female,UK,916.0941926,15-04-2023,33
187,Eve,Female,India,709.3357457,20-05-2023,25
136,Eve,Female,India,691.1468678,20-05-2023,28
198,Frank,Male,France,253.3216324,25-06-2023,28
143,Grace,Female,France,614.7264176,25-07-2023,35
190,Henry,Male,UK,789.947015,30-09-2023,25
134,Alice,Female,USA,609.7775367,05-01-2023,35
164,Bob,Male,India,744.1822234,05-02-2023,33
198,Charlie,Male,USA,605.85064255,15-03-2023,35
146,David,Female,UK,267.8336128,15-04-2023,35
177,Eve,Female,India,773.0587105,20-05-2023,35
102,Eve,Female,India,257.6674688,20-05-2023,28
100,Frank,Male,France,257.0053822,25-06-2023,33
104,Grace,Female,France,209.6867802,25-07-2023,40
113,Henry,Male,UK,790.0066876,30-09-2023,30
126,Alice,Female,USA,482.6011268,05-01-2023,25
108,Bob,Male,India,437.228465,05-02-2023,35
178,Charlie,Male,USA,479.7625838,15-03-2023,35
114,David,Female,UK,819.7228249,15-04-2023,35
189,Eve,Female,India,729.0964889,20-05-2023,33
141,Eve,Female,India,348.1564543,20-05-2023,35
176,Frank,Male,France,339.2874683,25-06-2023,35
150,Grace,Female,France,278.7165198,25-07-2023,35
195,Henry,Male,UK,811.4981298,30-09-2023,35
151,Alice,Female,USA,412.0371427,05-01-2023,25
195,Bob,Male,India,216.7559688,05-02-2023,35
103,Charlie,Male,USA,265.737334,15-03-2023,28
193,David,Female,UK,974.2880279,15-04-2023,30
122,Eve,Female,India,436.355822,20-05-2023,28
114,Eve,Female,India,815.3785183,20-05-2023,35
142,Frank,Male,France,605.85064255,25-06-2023,35
128,Grace,Female,France,505.5517117,25-07-2023,40
112,Henry,Male,UK,605.85064255,30-09-2023,25
131,Alice,Female,USA,692.0103744,05-01-2023,28
170,Bob,Male,India,819.7070245,05-02-2023,33
158,Charlie,Male,USA,715.1234028,15-03-2023,35
185,David,Female,UK,624.2417066,15-04-2023,35
127,Eve,Female,India,233.5609787,20-05-2023,28
165,Eve,Female,India,974.7910221,20-05-2023,30
141,Frank,Male,France,838.9713533,25-06-2023,30
144,Grace,Female,France,434.2576294,25-07-2023,35
156,Henry,Male,UK,681.5052717,30-09-2023,30
105,Alice,Female,USA,665.9381266,05-01-2023,28
127,Bob,Male,India,798.4585435,05-02-2023,30
127,Charlie,Male,USA,849.4158305,15-03-2023,35
143,David,Female,UK,725.1828859,15-04-2023,25
183,Eve,Female,India,302.4765971,20-05-2023,35
129,Eve,Female,India,470.6140048,20-05-2023,35
161,Frank,Male,France,942.4669123,25-06-2023,33
174,Grace,Female,France,379.6924895,25-07-2023,25
188,Henry,Male,UK,545.6615064,30-09-2023,33
161,Alice,Female,USA,551.5239918,05-01-2023,28
196,Bob,Male,India,690.351666,05-02-2023,35
100,Charlie,Male,USA,954.4606702,15-03-2023,28
126,David,Female,UK,392.5541695,15-04-2023,35
161,Eve,Female,India,605.85064255,20-05-2023,35
176,Eve,Female,India,357.9763919,20-05-2023,28
102,Frank,Male,France,909.5399202,25-06-2023,33
169,Grace,Female,France,716.6486501,25-07-2023,33
126,Henry,Male,UK,852.7575512,30-09-2023,33
108,Alice,Female,USA,889.0959971,05-01-2023,35
161,Bob,Male,India,877.211471,05-02-2023,35
136,Charlie,Male,USA,935.1412269,15-03-2023,35
196,David,Female,UK,401.7928161,15-04-2023,35
150,Eve,Female,India,605.85064255,20-05-2023,25
143,Eve,Female,India,568.4315978,20-05-2023,35
123,Frank,Male,France,873.5988423,25-06-2023,35
178,Grace,Female,France,605.85064255,25-07-2023,28
131,Henry,Male,UK,724.9294701,30-09-2023,30
195,Alice,Female,USA,341.9430156,05-01-2023,28
187,Bob,Male,India,636.0215351,05-02-2023,35
151,Charlie,Male,USA,987.7357916,15-03-2023,25
161,David,Female,UK,949.9104532,15-04-2023,33
157,Eve,Female,India,234.5389886,20-05-2023,25
151,Eve,Female,India,331.8518526,20-05-2023,33
111,Frank,Male,France,305.3830188,25-06-2023,40
138,Grace,Female,France,780.783928,25-07-2023,35
102,Henry,Male,UK,370.809093,30-09-2023,35
155,Alice,Female,USA,604.6821544,05-01-2023,25
180,Bob,Male,India,872.5624224,05-02-2023,33
158,Charlie,Male,USA,605.85064255,15-03-2023,40
101,David,Female,UK,633.7897644,15-04-2023,35
101,Eve,Female,India,672.2781524,20-05-2023,35
191,Eve,Female,India,606.6884375,20-05-2023,28
153,Frank,Male,France,605.85064255,25-06-2023,28
186,Grace,Female,France,652.0175943,25-07-2023,40
196,Henry,Male,UK,898.6583327,30-09-2023,35
100,Alice,Female,USA,605.85064255,05-01-2023,40
118,Bob,Male,India,808.8972296,05-02-2023,25
101,Charlie,Male,USA,328.057308,15-03-2023,35
152,David,Female,UK,569.2459795,15-04-2023,35
143,Eve,Female,India,207.4652959,20-05-2023,25
189,Eve,Female,India,397.3430916,20-05-2023,28
131,Frank,Male,France,605.85064255,25-06-2023,35
169,Grace,Female,France,993.4479611,25-07-2023,40
167,Henry,Male,UK,521.1954527,30-09-2023,30
154,Alice,Female,USA,840.056775,05-01-2023,35
174,Bob,Male,India,363.2285077,05-02-2023,33
155,Charlie,Male,USA,644.0679594,15-03-2023,35
116,David,Female,UK,786.4570368,15-04-2023,35
137,Eve,Female,India,692.7883602,20-05-2023,33
123,Eve,Female,India,350.4197877,20-05-2023,30
168,Frank,Male,France,605.85064255,25-06-2023,28
197,Grace,Female,France,605.85064255,25-07-2023,35
185,Henry,Male,UK,605.85064255,30-09-2023,30
110,Alice,Female,USA,808.792608,05-01-2023,35
115,Bob,Male,India,228.249084,05-02-2023,35
196,Charlie,Male,USA,796.5870262,15-03-2023,35
172,David,Female,UK,361.9844481,15-04-2023,35
158,Eve,Female,India,966.4587841,20-05-2023,30
169,Eve,Female,India,494.352601,20-05-2023,35
179,Frank,Male,France,461.5452931,25-06-2023,28
192,Grace,Female,France,319.1104403,25-07-2023,28
119,Henry,Male,UK,901.3206095,30-09-2023,35
158,Alice,Female,USA,997.0674701,05-01-2023,25
135,Bob,Male,India,494.6476244,05-02-2023,35
118,Charlie,Male,USA,558.8885048,15-03-2023,35
189,David,Female,UK,777.6567506,15-04-2023,30
166,Eve,Female,India,908.9566244,20-05-2023,35
118,Eve,Female,India,674.4354673,20-05-2023,35
119,Frank,Male,France,513.2205585,25-06-2023,35
195,Grace,Female,France,530.0974727,25-07-2023,28
151,Henry,Male,UK,202.5746109,30-09-2023,35
132,Alice,Female,USA,695.67147,05-01-2023,35
139,Bob,Male,India,484.3944084,05-02-2023,35
138,Charlie,Male,USA,835.357865,15-03-2023,35
181,David,Female,UK,605.85064255,15-04-2023,30
100,Eve,Female,India,670.5618136,20-05-2023,35
110,Eve,Female,India,584.7783119,20-05-2023,40
191,Frank,Male,France,713.8604207,25-06-2023,35
156,Grace,Female,France,251.8828756,25-07-2023,35
149,Henry,Male,UK,649.1876704,30-09-2023,30
122,Alice,Female,USA,648.5280755,05-01-2023,35
130,Bob,Male,India,682.7901333,05-02-2023,28
193,Charlie,Male,USA,741.1743498,15-03-2023,25
141,David,Female,UK,843.9911997,15-04-2023,35
198,Eve,Female,India,605.85064255,20-05-2023,33
106,Eve,Female,India,860.0395281,20-05-2023,30
115,Frank,Male,France,598.6045458,25-06-2023,40
189,Grace,Female,France,261.6466233,25-07-2023,35
101,Henry,Male,UK,467.390655,30-09-2023,33
100,Alice,Female,USA,827.9175817,05-01-2023,33
147,Bob,Male,India,766.1447478,05-02-2023,35
111,Charlie,Male,USA,830.8919717,15-03-2023,28
168,David,Female,UK,605.85064255,15-04-2023,35
136,Eve,Female,India,552.1591984,20-05-2023,30
131,Eve,Female,India,317.9620214,20-05-2023,35
108,Frank,Male,France,462.5542029,25-06-2023,35
198,Grace,Female,France,547.2154929,25-07-2023,35
147,Henry,Male,UK,376.4895622,30-09-2023,35
179,Alice,Female,USA,678.5802353,05-01-2023,40
102,Bob,Male,India,788.5304914,05-02-2023,33
119,Charlie,Male,USA,998.6780091,15-03-2023,28
123,David,Female,UK,946.4906651,15-04-2023,40
153,Eve,Female,India,714.0521596,20-05-2023,25
132,Eve,Female,India,605.85064255,20-05-2023,35
123,Frank,Male,France,708.9418918,25-06-2023,35
174,Grace,Female,France,828.5212945,25-07-2023,28
135,Henry,Male,UK,527.9239118,30-09-2023,35
137,Alice,Female,USA,871.8418285,05-01-2023,35
183,Bob,Male,India,507.0663615,05-02-2023,28
198,Charlie,Male,USA,657.497817,15-03-2023,35
188,David,Female,UK,670.2154887,15-04-2023,35
198,Eve,Female,India,347.5810025,20-05-2023,33
124,Eve,Female,India,489.7883533,20-05-2023,25
192,Frank,Male,France,467.609031,25-06-2023,33
117,Grace,Female,France,220.9573668,25-07-2023,25
165,Henry,Male,UK,865.3576349,30-09-2023,40
153,Alice,Female,USA,418.456648,05-01-2023,35
134,Bob,Male,India,614.463013,05-02-2023,35
179,Charlie,Male,USA,605.85064255,15-03-2023,35
160,David,Female,UK,952.5433961,15-04-2023,35
140,Eve,Female,India,407.4374071,20-05-2023,25
199,Eve,Female,India,605.85064255,20-05-2023,35
132,Frank,Male,France,898.1842004,25-06-2023,35
167,Grace,Female,France,873.5468534,25-07-2023,28
113,Henry,Male,UK,842.1146478,30-09-2023,28
120,Alice,Female,USA,566.5495094,05-01-2023,35
147,Bob,Male,India,605.85064255,05-02-2023,35
119,Charlie,Male,USA,306.7839779,15-03-2023,25
107,David,Female,UK,264.481211,15-04-2023,40
106,Eve,Female,India,782.3514456,20-05-2023,40
166,Eve,Female,India,597.1689219,20-05-2023,30
116,Frank,Male,France,549.4805621,25-06-2023,35
132,Grace,Female,France,783.6065829,25-07-2023,35
175,Henry,Male,UK,327.1265341,30-09-2023,40
158,Alice,Female,USA,688.1801196,05-01-2023,35
185,Bob,Male,India,308.2832658,05-02-2023,25
121,Charlie,Male,USA,801.1000688,15-03-2023,25
129,David,Female,UK,605.85064255,15-04-2023,40
137,Eve,Female,India,965.2916969,20-05-2023,28
150,Eve,Female,India,255.1664131,20-05-2023,35
153,Frank,Male,France,245.6437769,25-06-2023,25
107,Grace,Female,France,425.7496598,25-07-2023,40
126,Henry,Male,UK,397.5830393,30-09-2023,35
197,Alice,Female,USA,925.0036644,05-01-2023,40
120,Bob,Male,India,399.6369599,05-02-2023,35
129,Charlie,Male,USA,417.5597809,15-03-2023,40
196,David,Female,UK,807.5186099,15-04-2023,30
127,Eve,Female,India,559.791874,20-05-2023,40
163,Eve,Female,India,821.3684456,20-05-2023,35
196,Frank,Male,France,252.2929261,25-06-2023,35
168,Grace,Female,France,590.0569549,25-07-2023,35
147,Henry,Male,UK,250.1225628,30-09-2023,35
118,Alice,Female,USA,925.1499627,05-01-2023,40
103,Bob,Male,India,605.85064255,05-02-2023,35
134,Charlie,Male,USA,625.9365458,15-03-2023,30
163,David,Female,UK,528.8764821,15-04-2023,35
148,Eve,Female,India,477.874661,20-05-2023,25
116,Eve,Female,India,919.8666765,20-05-2023,35
143,Frank,Male,France,217.4587174,25-06-2023,35
191,Grace,Female,France,605.85064255,25-07-2023,35
192,Henry,Male,UK,648.1345468,30-09-2023,33
145,Alice,Female,USA,949.4579696,05-01-2023,40
105,Bob,Male,India,241.8063034,05-02-2023,35
198,Charlie,Male,USA,535.0346553,15-03-2023,40
136,David,Female,UK,408.1262328,15-04-2023,28
123,Eve,Female,India,784.656772,20-05-2023,25
192,Eve,Female,India,985.0376724,20-05-2023,35
145,Frank,Male,France,405.22405,25-06-2023,25
152,Grace,Female,France,723.3396812,25-07-2023,28
198,Henry,Male,UK,652.2642037,30-09-2023,35
159,Alice,Female,USA,571.1459894,05-01-2023,35
196,Bob,Male,India,977.6042637,05-02-2023,28
162,Charlie,Male,USA,605.85064255,15-03-2023,33
184,David,Female,UK,479.6050977,15-04-2023,40
131,Eve,Female,India,291.2766279,20-05-2023,40
186,Eve,Female,India,320.997463,20-05-2023,30
132,Frank,Male,France,605.85064255,25-06-2023,35
166,Grace,Female,France,400.7733291,25-07-2023,28
124,Henry,Male,UK,648.9782306,30-09-2023,33
194,Alice,Female,USA,618.7127291,05-01-2023,25
153,Bob,Male,India,291.8150975,05-02-2023,25
157,Charlie,Male,USA,888.1117547,15-03-2023,40
166,David,Female,UK,778.2514426,15-04-2023,40
145,Eve,Female,India,254.1346895,20-05-2023,35
123,Eve,Female,India,605.85064255,20-05-2023,35
131,Frank,Male,France,634.8305739,25-06-2023,35
146,Grace,Female,France,605.85064255,25-07-2023,33
122,Henry,Male,UK,587.7570297,30-09-2023,35
165,Alice,Female,USA,332.6196321,05-01-2023,30
126,Bob,Male,India,956.5585176,05-02-2023,35
101,Charlie,Male,USA,879.9802972,15-03-2023,30
189,David,Female,UK,735.2178699,15-04-2023,35
116,Eve,Female,India,569.8364488,20-05-2023,33
132,Eve,Female,India,529.4124333,20-05-2023,30
108,Frank,Male,France,720.7787737,25-06-2023,25
142,Grace,Female,France,636.3454955,25-07-2023,30
138,Henry,Male,UK,610.002119,30-09-2023,33
192,Alice,Female,USA,845.1228938,05-01-2023,33
141,Bob,Male,India,567.3919021,05-02-2023,30
125,Charlie,Male,USA,241.565262,15-03-2023,35
198,David,Female,UK,829.0225595,15-04-2023,28
149,Eve,Female,India,361.0910257,20-05-2023,35
124,Eve,Female,India,406.8966679,20-05-2023,33
123,Frank,Male,France,331.7650827,25-06-2023,35
112,Grace,Female,France,464.1720519,25-07-2023,35
106,Henry,Male,UK,615.5086876,30-09-2023,35
156,Alice,Female,USA,605.85064255,05-01-2023,25
135,Bob,Male,India,605.85064255,05-02-2023,35
144,Charlie,Male,USA,903.665484,15-03-2023,30
119,David,Female,UK,896.46274,15-04-2023,28
164,Eve,Female,India,391.0369691,20-05-2023,25
107,Eve,Female,India,560.9914753,20-05-2023,30
115,Frank,Male,France,987.9917249,25-06-2023,35
113,Grace,Female,France,817.609981,25-07-2023,33
186,Henry,Male,UK,605.85064255,30-09-2023,40
114,Alice,Female,USA,571.1451014,05-01-2023,28
191,Bob,Male,India,927.3761647,05-02-2023,35
197,Charlie,Male,USA,630.9614384,15-03-2023,40
165,David,Female,UK,598.2500064,15-04-2023,35
131,Eve,Female,India,284.37896,20-05-2023,35
186,Eve,Female,India,725.4240838,20-05-2023,35
162,Frank,Male,France,857.6825285,25-06-2023,35
185,Grace,Female,France,504.336006,25-07-2023,40
124,Henry,Male,UK,971.5813231,30-09-2023,35
157,Alice,Female,USA,363.0131673,05-01-2023,30
162,Bob,Male,India,618.663705,05-02-2023,35
161,Charlie,Male,USA,429.7103665,15-03-2023,33
121,David,Female,UK,834.2835352,15-04-2023,35
157,Eve,Female,India,662.0746927,20-05-2023,40
157,Eve,Female,India,707.665934,20-05-2023,33
185,Frank,Male,France,838.3313277,25-06-2023,35
148,Grace,Female,France,516.7763781,25-07-2023,28
141,Henry,Male,UK,626.4230938,30-09-2023,35
169,Alice,Female,USA,326.3638583,05-01-2023,35
114,Bob,Male,India,756.7192945,05-02-2023,28
153,Charlie,Male,USA,834.6090804,15-03-2023,35
159,David,Female,UK,453.4093417,15-04-2023,30
196,Eve,Female,India,885.7434056,20-05-2023,40
107,Eve,Female,India,924.9146038,20-05-2023,35
152,Frank,Male,France,421.5235899,25-06-2023,35
159,Grace,Female,France,986.8171782,25-07-2023,35
167,Henry,Male,UK,361.6125347,30-09-2023,35
105,Alice,Female,USA,347.3798714,05-01-2023,25
195,Bob,Male,India,915.191768,05-02-2023,35
193,Charlie,Male,USA,723.4340419,15-03-2023,35
146,David,Female,UK,321.6834266,15-04-2023,28
198,Eve,Female,India,605.85064255,20-05-2023,35
154,Eve,Female,India,692.2384201,20-05-2023,35
139,Frank,Male,France,266.771268,25-06-2023,35
151,Grace,Female,France,905.9330947,25-07-2023,33
112,Henry,Male,UK,604.1654189,30-09-2023,35
129,Alice,Female,USA,973.7012922,05-01-2023,28
118,Bob,Male,India,534.2087834,05-02-2023,35
116,Charlie,Male,USA,987.2882552,15-03-2023,25
162,David,Female,UK,734.335999,15-04-2023,35
118,Eve,Female,India,605.85064255,20-05-2023,30
191,Eve,Female,India,332.7639162,20-05-2023,40
157,Frank,Male,France,905.5422066,25-06-2023,28
154,Grace,Female,France,541.9917503,25-07-2023,40
189,Henry,Male,UK,210.086016,30-09-2023,28
161,Alice,Female,USA,605.85064255,05-01-2023,35
122,Bob,Male,India,621.9196977,05-02-2023,35
108,Charlie,Male,USA,775.4828979,15-03-2023,35
111,David,Female,UK,605.85064255,15-04-2023,35
100,Eve,Female,India,263.5252677,20-05-2023,33
157,Eve,Female,India,785.1971923,20-05-2023,28
100,Frank,Male,France,349.9295553,25-06-2023,30
133,Grace,Female,France,886.5416425,25-07-2023,40
147,Henry,Male,UK,632.635004,30-09-2023,35
188,Alice,Female,USA,768.1942389,05-01-2023,35
100,Bob,Male,India,451.4800905,05-02-2023,40
115,Charlie,Male,USA,576.9343191,15-03-2023,40
160,David,Female,UK,857.3095182,15-04-2023,35
163,Eve,Female,India,567.4121577,20-05-2023,28
162,Eve,Female,India,486.2386123,20-05-2023,35
168,Frank,Male,France,595.3699578,25-06-2023,40
121,Grace,Female,France,862.5994019,25-07-2023,33
166,Henry,Male,UK,339.0092745,30-09-2023,35
175,Alice,Female,USA,769.6112163,05-01-2023,35
125,Bob,Male,India,860.7825702,05-02-2023,40
115,Charlie,Male,USA,280.5099828,15-03-2023,35
150,David,Female,UK,391.8992902,15-04-2023,28
185,Eve,Female,India,313.5775918,20-05-2023,28
156,Eve,Female,India,478.3531293,20-05-2023,35
128,Frank,Male,France,560.2807831,25-06-2023,35
177,Grace,Female,France,605.85064255,25-07-2023,28
168,Henry,Male,UK,696.742854,30-09-2023,35
146,Alice,Female,USA,481.8999573,05-01-2023,35
193,Bob,Male,India,873.1580425,05-02-2023,28
161,Charlie,Male,USA,577.0297339,15-03-2023,33
168,David,Female,UK,983.2839504,15-04-2023,40
175,Eve,Female,India,707.3137106,20-05-2023,35
115,Eve,Female,India,301.0117933,20-05-2023,35
189,Frank,Male,France,605.85064255,25-06-2023,30
189,Grace,Female,France,460.0832123,25-07-2023,35
184,Henry,Male,UK,255.7129185,30-09-2023,28
138,Alice,Female,USA,339.9051497,05-01-2023,30
199,Bob,Male,India,884.5898071,05-02-2023,30
132,Charlie,Male,USA,381.7436456,15-03-2023,25
193,David,Female,UK,869.6329002,15-04-2023,35
122,Eve,Female,India,423.4208708,20-05-2023,33
109,Eve,Female,India,714.305528,20-05-2023,35
168,Frank,Male,France,755.3204588,25-06-2023,33
199,Grace,Female,France,610.1238025,25-07-2023,25
151,Henry,Male,UK,370.1155011,30-09-2023,30
194,Alice,Female,USA,226.5514836,05-01-2023,35
109,Bob,Male,India,443.157121,05-02-2023,35
118,Charlie,Male,USA,722.5302324,15-03-2023,40
157,David,Female,UK,950.6438548,15-04-2023,35
195,Eve,Female,India,896.9635858,20-05-2023,40
100,Eve,Female,India,605.85064255,20-05-2023,30
168,Frank,Male,France,830.7578746,25-06-2023,40
103,Grace,Female,France,731.9879228,25-07-2023,25
123,Henry,Male,UK,925.7560246,30-09-2023,40
179,Alice,Female,USA,736.5858495,05-01-2023,35
101,Bob,Male,India,648.3525048,05-02-2023,35
191,Charlie,Male,USA,605.85064255,15-03-2023,30
131,David,Female,UK,557.644435,15-04-2023,35
190,Eve,Female,India,568.286617,20-05-2023,30
183,Eve,Female,India,891.6508876,20-05-2023,28
123,Frank,Male,France,637.3185762,25-06-2023,30
111,Grace,Female,France,504.3204392,25-07-2023,25
134,Henry,Male,UK,605.85064255,30-09-2023,33
132,Alice,Female,USA,605.85064255,05-01-2023,35
132,Bob,Male,India,233.6197401,05-02-2023,40
160,Charlie,Male,USA,791.9232966,15-03-2023,25
150,David,Female,UK,934.4612418,15-04-2023,28
142,Eve,Female,India,424.0298636,20-05-2023,25
111,Eve,Female,India,886.6733414,20-05-2023,30
166,Frank,Male,France,433.7745844,25-06-2023,25
164,Grace,Female,France,928.6161293,25-07-2023,25
139,Henry,Male,UK,843.9254215,30-09-2023,28
173,Alice,Female,USA,214.4052445,05-01-2023,30
142,Bob,Male,India,970.2482857,05-02-2023,35
143,Charlie,Male,USA,781.3367937,15-03-2023,35
128,David,Female,UK,443.8008763,15-04-2023,35
112,Eve,Female,India,605.85064255,20-05-2023,35
111,Eve,Female,India,425.2169587,20-05-2023,35
194,Frank,Male,France,898.2030717,25-06-2023,35
145,Grace,Female,France,290.0643123,25-07-2023,35
134,Henry,Male,UK,632.5587813,30-09-2023,25
186,Alice,Female,USA,277.2275762,05-01-2023,33
180,Bob,Male,India,393.5150626,05-02-2023,35
189,Charlie,Male,USA,209.923229,15-03-2023,35
107,David,Female,UK,575.0143724,15-04-2023,35
192,Eve,Female,India,441.0122086,20-05-2023,35
125,Eve,Female,India,678.6859874,20-05-2023,35
173,Frank,Male,France,437.7902462,25-06-2023,25
189,Grace,Female,France,439.9352892,25-07-2023,28
106,Henry,Male,UK,238.5142688,30-09-2023,28
167,Alice,Female,USA,922.3159962,05-01-2023,25
157,Bob,Male,India,605.85064255,05-02-2023,40
174,Charlie,Male,USA,734.2437466,15-03-2023,28
128,David,Female,UK,674.5772561,15-04-2023,40
135,Eve,Female,India,913.8419985,20-05-2023,35
188,Eve,Female,India,348.2641436,20-05-2023,35
120,Frank,Male,France,263.1753298,25-06-2023,25
135,Grace,Female,France,391.6081359,25-07-2023,25
172,Henry,Male,UK,227.7362134,30-09-2023,30
123,Alice,Female,USA,666.2454681,05-01-2023,33
163,Bob,Male,India,996.350013,05-02-2023,35
198,Charlie,Male,USA,884.5568751,15-03-2023,28
148,David,Female,UK,617.1565512,15-04-2023,28
198,Eve,Female,India,250.9127274,20-05-2023,30
135,Eve,Female,India,605.85064255,20-05-2023,30
181,Frank,Male,France,679.1828065,25-06-2023,30
195,Grace,Female,France,291.9463976,25-07-2023,35
122,Henry,Male,UK,927.7014555,30-09-2023,40
161,Alice,Female,USA,735.3602104,05-01-2023,35
195,Bob,Male,India,863.4294395,05-02-2023,35
136,Charlie,Male,USA,903.1831202,15-03-2023,35
111,David,Female,UK,657.4178816,15-04-2023,25
154,Eve,Female,India,613.9570814,20-05-2023,35
112,Eve,Female,India,544.3419283,20-05-2023,40
122,Frank,Male,France,605.85064255,25-06-2023,35
188,Grace,Female,France,547.6767687,25-07-2023,28
129,Henry,Male,UK,681.5387448,30-09-2023,25
116,Alice,Female,USA,914.018632,05-01-2023,28
161,Bob,Male,India,554.7040115,05-02-2023,35
183,Charlie,Male,USA,605.85064255,15-03-2023,40
188,David,Female,UK,605.85064255,15-04-2023,30
185,Eve,Female,India,673.3577298,20-05-2023,30
112,Eve,Female,India,762.1070185,20-05-2023,35
158,Frank,Male,France,389.9467747,25-06-2023,25
118,Grace,Female,France,609.891022,25-07-2023,30
199,Henry,Male,UK,507.6090621,30-09-2023,35
111,Alice,Female,USA,590.1336549,05-01-2023,35
160,Bob,Male,India,605.85064255,05-02-2023,30
118,Charlie,Male,USA,960.4248421,15-03-2023,28
175,David,Female,UK,680.5208532,15-04-2023,35
108,Eve,Female,India,794.8751329,20-05-2023,40
170,Eve,Female,India,605.0128476,20-05-2023,25
127,Frank,Male,France,707.2832251,25-06-2023,33
177,Grace,Female,France,256.7457729,25-07-2023,30
151,Henry,Male,UK,489.4824746,30-09-2023,35
182,Alice,Female,USA,577.994684,05-01-2023,35
115,Bob,Male,India,605.85064255,05-02-2023,28
168,Charlie,Male,USA,312.019278,15-03-2023,33
198,David,Female,UK,421.4514462,15-04-2023,33
111,Eve,Female,India,605.85064255,20-05-2023,35
124,Eve,Female,India,465.0776057,20-05-2023,33
151,Frank,Male,France,605.85064255,25-06-2023,35
184,Grace,Female,France,605.85064255,25-07-2023,40
152,Henry,Male,UK,424.5465724,30-09-2023,28
122,Alice,Female,USA,365.5940628,05-01-2023,30
115,Bob,Male,India,613.2581028,05-02-2023,30
156,Charlie,Male,USA,204.4046393,15-03-2023,30
138,David,Female,UK,206.1312261,15-04-2023,35
152,Eve,Female,India,375.2550473,20-05-2023,35
141,Eve,Female,India,229.37709,20-05-2023,35
157,Frank,Male,France,286.4206033,25-06-2023,35
138,Grace,Female,France,471.0885195,25-07-2023,35
194,Henry,Male,UK,657.6389147,30-09-2023,35
104,Alice,Female,USA,605.85064255,05-01-2023,40
134,Bob,Male,India,434.7910586,05-02-2023,35
186,Charlie,Male,USA,945.4029755,15-03-2023,35
192,David,Female,UK,517.612033,15-04-2023,33
174,Eve,Female,India,269.6742134,20-05-2023,33
117,Eve,Female,India,693.6532129,20-05-2023,35
175,Frank,Male,France,291.0707148,25-06-2023,40
108,Grace,Female,France,476.1785142,25-07-2023,30
157,Henry,Male,UK,899.3780197,30-09-2023,35
116,Alice,Female,USA,594.8372643,05-01-2023,35
106,Bob,Male,India,761.8070128,05-02-2023,35
145,Charlie,Male,USA,994.2534712,15-03-2023,35
112,David,Female,UK,305.1912959,15-04-2023,33
139,Eve,Female,India,419.7852204,20-05-2023,35
141,Eve,Female,India,515.6608605,20-05-2023,35
108,Frank,Male,France,605.85064255,25-06-2023,35
149,Grace,Female,France,605.85064255,25-07-2023,28
165,Henry,Male,UK,771.2261156,30-09-2023,33
104,Alice,Female,USA,686.3241713,05-01-2023,33
128,Bob,Male,India,447.4981743,05-02-2023,40
136,Charlie,Male,USA,859.0323074,15-03-2023,35
137,David,Female,UK,964.0484092,15-04-2023,35
182,Eve,Female,India,856.958626,20-05-2023,33
107,Eve,Female,India,201.2520842,20-05-2023,35
164,Frank,Male,France,709.1210961,25-06-2023,40
185,Grace,Female,France,240.9083052,25-07-2023,35
170,Henry,Male,UK,247.6197603,30-09-2023,40
188,Alice,Female,USA,683.0363624,05-01-2023,28
144,Bob,Male,India,749.2719308,05-02-2023,35
103,Charlie,Male,USA,291.5901105,15-03-2023,35
135,David,Female,UK,507.0711064,15-04-2023,33
169,Eve,Female,India,564.9892072,20-05-2023,33
130,Eve,Female,India,495.2424174,20-05-2023,35
118,Frank,Male,France,605.85064255,25-06-2023,35
160,Grace,Female,France,605.85064255,25-07-2023,35
138,Henry,Male,UK,256.8061316,30-09-2023,35
190,Alice,Female,USA,264.1440113,05-01-2023,33
173,Bob,Male,India,483.8170335,05-02-2023,35
189,Charlie,Male,USA,953.3805693,15-03-2023,40
118,David,Female,UK,734.8581174,15-04-2023,33
138,Eve,Female,India,742.9359653,20-05-2023,30
166,Eve,Female,India,489.5359927,20-05-2023,35
144,Frank,Male,France,674.928633,25-06-2023,28
112,Grace,Female,France,605.85064255,25-07-2023,35
157,Henry,Male,UK,930.6295581,30-09-2023,35
119,Alice,Female,USA,690.0587747,05-01-2023,30
191,Bob,Male,India,898.9588748,05-02-2023,35
171,Charlie,Male,USA,779.1784444,15-03-2023,33
160,David,Female,UK,296.4467331,15-04-2023,35
138,Eve,Female,India,921.9626458,20-05-2023,33
100,Eve,Female,India,253.1550755,20-05-2023,25
102,Frank,Male,France,627.173978,25-06-2023,40
176,Grace,Female,France,313.709699,25-07-2023,35
161,Henry,Male,UK,537.6274081,30-09-2023,28
162,Alice,Female,USA,436.0325661,05-01-2023,40
124,Bob,Male,India,588.800395,05-02-2023,35
155,Charlie,Male,USA,661.7599094,15-03-2023,35
132,David,Female,UK,234.9912578,15-04-2023,28
137,Eve,Female,India,298.4026361,20-05-2023,35
105,Eve,Female,India,646.9139172,20-05-2023,40
157,Frank,Male,France,474.5338825,25-06-2023,33
143,Grace,Female,France,783.33879,25-07-2023,40
131,Henry,Male,UK,876.4834904,30-09-2023,30
144,Alice,Female,USA,753.9942613,05-01-2023,35
160,Bob,Male,India,543.9448619,05-02-2023,28
146,Charlie,Male,USA,738.3732979,15-03-2023,35
120,David,Female,UK,420.3049394,15-04-2023,30
179,Eve,Female,India,445.050799,20-05-2023,40
184,Eve,Female,India,831.1881279,20-05-2023,40
174,Frank,Male,France,557.1356131,25-06-2023,35
135,Grace,Female,France,838.7042724,25-07-2023,33
118,Henry,Male,UK,886.0498701,30-09-2023,33
119,Alice,Female,USA,933.3081887,05-01-2023,35
156,Bob,Male,India,544.7881764,05-02-2023,35
117,Charlie,Male,USA,455.0934547,15-03-2023,35
146,David,Female,UK,665.7589973,15-04-2023,25
148,Eve,Female,India,496.9379388,20-05-2023,35
113,Eve,Female,India,680.8593334,20-05-2023,30
114,Frank,Male,France,764.4686901,25-06-2023,35
130,Grace,Female,France,750.7240148,25-07-2023,40
153,Henry,Male,UK,605.85064255,30-09-2023,33
102,Alice,Female,USA,544.4234708,05-01-2023,35
115,Bob,Male,India,314.0753153,05-02-2023,35
186,Charlie,Male,USA,912.0776281,15-03-2023,25
156,David,Female,UK,476.7019686,15-04-2023,33
174,Eve,Female,India,323.5677978,20-05-2023,25
111,Eve,Female,India,220.3582079,20-05-2023,35
173,Frank,Male,France,716.657909,25-06-2023,33
195,Grace,Female,France,709.521854,25-07-2023,28
171,Henry,Male,UK,257.3695111,30-09-2023,35
175,Alice,Female,USA,605.85064255,05-01-2023,33
123,Bob,Male,India,448.9739961,05-02-2023,35
127,Charlie,Male,USA,741.6965118,15-03-2023,40
107,David,Female,UK,684.6233996,15-04-2023,30
191,Eve,Female,India,491.6749826,20-05-2023,35
135,Eve,Female,India,374.3140434,20-05-2023,40
189,Frank,Male,France,990.4287729,25-06-2023,28
107,Grace,Female,France,563.201297,25-07-2023,35
159,Henry,Male,UK,312.4423741,30-09-2023,33
149,Alice,Female,USA,588.4717597,05-01-2023,35
127,Bob,Male,India,605.85064255,05-02-2023,35
191,Charlie,Male,USA,604.3640943,15-03-2023,28
140,David,Female,UK,971.2139257,15-04-2023,25
199,Eve,Female,India,605.85064255,20-05-2023,28
163,Eve,Female,India,231.1968101,20-05-2023,35
126,Frank,Male,France,224.7646327,25-06-2023,35
162,Grace,Female,France,510.389408,25-07-2023,35
172,Henry,Male,UK,218.6816771,30-09-2023,28
132,Alice,Female,USA,605.85064255,05-01-2023,40
183,Bob,Male,India,566.8184071,05-02-2023,35
176,Charlie,Male,USA,431.3958176,15-03-2023,35
191,David,Female,UK,920.0665464,15-04-2023,30
128,Eve,Female,India,605.85064255,20-05-2023,25
112,Eve,Female,India,964.7350632,20-05-2023,35
145,Frank,Male,France,451.1733739,25-06-2023,35
134,Grace,Female,France,910.7229378,25-07-2023,35
181,Henry,Male,UK,861.3658878,30-09-2023,35
168,Alice,Female,USA,987.2105306,05-01-2023,35
146,Bob,Male,India,430.7243503,05-02-2023,35
124,Charlie,Male,USA,968.9083883,15-03-2023,28
165,David,Female,UK,605.85064255,15-04-2023,30
109,Eve,Female,India,508.4095238,20-05-2023,33
155,Eve,Female,India,472.3096834,20-05-2023,28
129,Frank,Male,France,633.1260859,25-06-2023,28
104,Grace,Female,France,323.3160345,25-07-2023,28
164,Henry,Male,UK,605.85064255,30-09-2023,35
117,Alice,Female,USA,809.5214501,05-01-2023,25
195,Bob,Male,India,866.9199696,05-02-2023,35
148,Charlie,Male,USA,552.3530802,15-03-2023,35
110,David,Female,UK,441.8665995,15-04-2023,35
184,Eve,Female,India,407.4679179,20-05-2023,40
125,Eve,Female,India,355.6990694,20-05-2023,35
162,Frank,Male,France,246.1180658,25-06-2023,35
188,Grace,Female,France,473.9583831,25-07-2023,35
158,Henry,Male,UK,973.1339087,30-09-2023,35
126,Alice,Female,USA,646.167061,05-01-2023,25
148,Bob,Male,India,477.8216312,05-02-2023,30
176,Charlie,Male,USA,605.85064255,15-03-2023,35
132,David,Female,UK,311.3573611,15-04-2023,35
197,Eve,Female,India,555.2349994,20-05-2023,33
198,Eve,Female,India,700.9874571,20-05-2023,35
100,Frank,Male,France,591.1182654,25-06-2023,28
120,Grace,Female,France,521.4230405,25-07-2023,35
105,Henry,Male,UK,904.2518097,30-09-2023,33
191,Alice,Female,USA,698.7247665,05-01-2023,35
180,Bob,Male,India,655.5018889,05-02-2023,25
168,Charlie,Male,USA,696.5283839,15-03-2023,25
194,David,Female,UK,605.85064255,15-04-2023,30
104,Eve,Female,India,516.1101946,20-05-2023,33
102,Eve,Female,India,231.5676263,20-05-2023,35
152,Frank,Male,France,580.43683,25-06-2023,25
122,Grace,Female,France,634.4196672,25-07-2023,35
136,Henry,Male,UK,971.2230777,30-09-2023,35
173,Alice,Female,USA,927.5636887,05-01-2023,28
173,Bob,Male,India,777.7145884,05-02-2023,35
182,Charlie,Male,USA,626.709303,15-03-2023,28
116,David,Female,UK,895.9753277,15-04-2023,28
184,Eve,Female,India,304.5218751,20-05-2023,35
177,Eve,Female,India,832.4078354,20-05-2023,33
172,Frank,Male,France,299.8566512,25-06-2023,33
100,Grace,Female,France,835.36853,25-07-2023,30
144,Henry,Male,UK,901.6724648,30-09-2023,30
176,Alice,Female,USA,955.2336751,05-01-2023,35
103,Bob,Male,India,605.85064255,05-02-2023,28
161,Charlie,Male,USA,570.1404841,15-03-2023,30
164,David,Female,UK,984.7899025,15-04-2023,30
131,Eve,Female,India,586.7259488,20-05-2023,35
133,Eve,Female,India,890.838018,20-05-2023,30
191,Frank,Male,France,670.9852177,25-06-2023,35
194,Grace,Female,France,500.2639263,25-07-2023,30
138,Henry,Male,UK,362.5784729,30-09-2023,30
125,Alice,Female,USA,809.4385531,05-01-2023,25
133,Bob,Male,India,605.85064255,05-02-2023,40
153,Charlie,Male,USA,609.0203698,15-03-2023,28
102,David,Female,UK,593.860384,15-04-2023,25
149,Eve,Female,India,661.8232234,20-05-2023,35
111,Eve,Female,India,892.4617165,20-05-2023,28
164,Frank,Male,France,984.5914749,25-06-2023,33
153,Grace,Female,France,526.0673669,25-07-2023,40
193,Henry,Male,UK,811.6222357,30-09-2023,33
193,Alice,Female,USA,605.85064255,05-01-2023,40
156,Bob,Male,India,964.8377149,05-02-2023,35
116,Charlie,Male,USA,360.3796124,15-03-2023,25
146,David,Female,UK,287.4113682,15-04-2023,35
122,Eve,Female,India,883.1695736,20-05-2023,35
178,Eve,Female,India,551.3198533,20-05-2023,28
184,Frank,Male,France,877.5750834,25-06-2023,33
113,Grace,Female,France,914.4721642,25-07-2023,28
174,Henry,Male,UK,906.7718104,30-09-2023,25
150,Alice,Female,USA,558.6552443,05-01-2023,35
137,Bob,Male,India,605.85064255,05-02-2023,35
163,Charlie,Male,USA,701.2740089,15-03-2023,25
197,David,Female,UK,605.85064255,15-04-2023,40
137,Eve,Female,India,215.2928755,20-05-2023,28
149,Eve,Female,India,581.4747747,20-05-2023,35
197,Frank,Male,France,750.1776339,25-06-2023,35
181,Grace,Female,France,778.1655662,25-07-2023,40
178,Henry,Male,UK,307.5481035,30-09-2023,35
190,Alice,Female,USA,439.5164707,05-01-2023,40
150,Bob,Male,India,486.9724203,05-02-2023,25
162,Charlie,Male,USA,843.5497661,15-03-2023,33
197,David,Female,UK,423.0078979,15-04-2023,28
151,Eve,Female,India,368.5639711,20-05-2023,30
137,Eve,Female,India,965.9584152,20-05-2023,30
196,Frank,Male,France,207.0906281,25-06-2023,25
187,Grace,Female,France,998.2566845,25-07-2023,35
129,Henry,Male,UK,862.7754396,30-09-2023,35
150,Alice,Female,USA,435.6955171,05-01-2023,28
180,Bob,Male,India,211.4522221,05-02-2023,25
104,Charlie,Male,USA,790.2956148,15-03-2023,28
128,David,Female,UK,867.3156776,15-04-2023,33
103,Eve,Female,India,792.3809056,20-05-2023,35
109,Eve,Female,India,314.2802298,20-05-2023,25
155,Frank,Male,France,802.7423378,25-06-2023,33
116,Grace,Female,France,815.1382257,25-07-2023,28
116,Henry,Male,UK,812.8927462,30-09-2023,28
183,Alice,Female,USA,876.7371517,05-01-2023,35
187,Bob,Male,India,690.8832914,05-02-2023,25
168,Charlie,Male,USA,270.8837712,15-03-2023,28
133,David,Female,UK,590.1022477,15-04-2023,35
105,Eve,Female,India,262.1194677,20-05-2023,33
152,Eve,Female,India,526.0344248,20-05-2023,35
165,Frank,Male,France,605.85064255,25-06-2023,33
176,Grace,Female,France,252.8078753,25-07-2023,28
174,Henry,Male,UK,288.798479,30-09-2023,30
122,Alice,Female,USA,846.588168,05-01-2023,33
154,Bob,Male,India,958.1504208,05-02-2023,33
179,Charlie,Male,USA,257.8531802,15-03-2023,35
194,David,Female,UK,964.0921658,15-04-2023,40
174,Eve,Female,India,618.0612795,20-05-2023,30
115,Eve,Female,India,439.6525424,20-05-2023,28
107,Frank,Male,France,261.4896602,25-06-2023,35
103,Grace,Female,France,600.4994145,25-07-2023,25
155,Henry,Male,UK,765.6691818,30-09-2023,28
124,Alice,Female,USA,240.1808092,05-01-2023,35
166,Bob,Male,India,258.3214683,05-02-2023,35
195,Charlie,Male,USA,522.2986261,15-03-2023,33
166,David,Female,UK,436.2323952,15-04-2023,35
126,Eve,Female,India,385.9074584,20-05-2023,33
192,Eve,Female,India,605.85064255,20-05-2023,33
131,Frank,Male,France,842.7861946,25-06-2023,35
149,Grace,Female,France,943.3824429,25-07-2023,35
150,Henry,Male,UK,924.8888017,30-09-2023,35
118,Alice,Female,USA,457.196561,05-01-2023,28
120,Bob,Male,India,581.1495891,05-02-2023,40
104,Charlie,Male,USA,380.8231983,15-03-2023,40
181,David,Female,UK,605.85064255,15-04-2023,35
191,Eve,Female,India,605.85064255,20-05-2023,28
141,Eve,Female,India,682.7944768,20-05-2023,35
160,Frank,Male,France,486.2512673,25-06-2023,40
121,Grace,Female,France,718.2539568,25-07-2023,28
169,Henry,Male,UK,910.9272642,30-09-2023,28
100,Alice,Female,USA,602.4671606,05-01-2023,33
104,Bob,Male,India,559.4797936,05-02-2023,40
111,Charlie,Male,USA,668.6918308,15-03-2023,35
189,David,Female,UK,699.8270902,15-04-2023,40
145,Eve,Female,India,257.420645,20-05-2023,33
133,Eve,Female,India,746.093777,20-05-2023,35
148,Frank,Male,France,393.5453443,25-06-2023,33
177,Grace,Female,France,771.162106,25-07-2023,40
144,Henry,Male,UK,843.166806,30-09-2023,35
126,Alice,Female,USA,642.0007739,05-01-2023,35
172,Bob,Male,India,616.1359138,05-02-2023,35
125,Charlie,Male,USA,314.3007691,15-03-2023,33
146,David,Female,UK,820.2769203,15-04-2023,35
185,Eve,Female,India,417.1275044,20-05-2023,25
155,Eve,Female,India,605.85064255,20-05-2023,35
193,Frank,Male,France,605.85064255,25-06-2023,25
162,Grace,Female,France,307.0626904,25-07-2023,35
160,Henry,Male,UK,243.4656279,30-09-2023,33
180,Alice,Female,USA,798.9161873,05-01-2023,28
125,Bob,Male,India,454.0694362,05-02-2023,40
135,Charlie,Male,USA,605.85064255,15-03-2023,30
100,David,Female,UK,608.9033114,15-04-2023,35
107,Eve,Female,India,605.85064255,20-05-2023,35
198,Eve,Female,India,420.9356463,20-05-2023,35
151,Frank,Male,France,765.58119,25-06-2023,30
178,Grace,Female,France,250.1516973,25-07-2023,35
155,Henry,Male,UK,203.0559381,30-09-2023,35
185,Alice,Female,USA,397.4590954,05-01-2023,33
113,Bob,Male,India,792.7232449,05-02-2023,35
189,Charlie,Male,USA,453.0161198,15-03-2023,35
127,David,Female,UK,281.5139105,15-04-2023,30
186,Eve,Female,India,488.187135,20-05-2023,40
177,Eve,Female,India,416.3146291,20-05-2023,35
187,Frank,Male,France,874.1695217,25-06-2023,35
101,Grace,Female,France,450.6783341,25-07-2023,40
113,Henry,Male,UK,605.85064255,30-09-2023,33
158,Alice,Female,USA,547.0539357,05-01-2023,35
155,Bob,Male,India,927.9545151,05-02-2023,25
106,Charlie,Male,USA,501.8544432,15-03-2023,35
102,David,Female,UK,971.2627332,15-04-2023,35
122,Eve,Female,India,271.4316196,20-05-2023,35
117,Eve,Female,India,749.6154132,20-05-2023,35
137,Frank,Male,France,605.85064255,25-06-2023,35
198,Grace,Female,France,510.1190444,25-07-2023,40
163,Henry,Male,UK,763.0856733,30-09-2023,35
188,Alice,Female,USA,203.4906157,05-01-2023,33
127,Bob,Male,India,333.562471,05-02-2023,25
173,Charlie,Male,USA,770.4368405,15-03-2023,25
138,David,Female,UK,733.1083309,15-04-2023,40
156,Eve,Female,India,972.8380041,20-05-2023,35
116,Eve,Female,India,808.8302322,20-05-2023,35
185,Frank,Male,France,960.6181662,25-06-2023,28
189,Grace,Female,France,762.0324012,25-07-2023,35
124,Henry,Male,UK,284.2919378,30-09-2023,30
116,Alice,Female,USA,825.4590907,05-01-2023,33
112,Bob,Male,India,715.3193772,05-02-2023,35
183,Charlie,Male,USA,605.85064255,15-03-2023,35
124,David,Female,UK,488.0403727,15-04-2023,35
167,Eve,Female,India,965.4398524,20-05-2023,30
109,Eve,Female,India,600.3209166,20-05-2023,40
166,Frank,Male,France,546.1833088,25-06-2023,35
117,Grace,Female,France,566.1596841,25-07-2023,30
185,Henry,Male,UK,494.9657367,30-09-2023,35
