Customer ID,Name,Gender,Country,Sales Amount,Date of Purchase,Age
151,Alice,F,USA,410.4900559,05-01-2023,40
192,Bob,M,India,488.109126,05-02-2023,28
114,Charlie,male,usa,270.1141974,15-03-2023,35
171,David,Female,UK,949.5662584,15-04-2023,30
160,Eve,F,India,643.0417926,20-05-2023,35
120,Eve,F,India,444.4194485,20-05-2023,40
182,Frank,M,France,517.5852137,25-06-2023,35
186,Grace,f,france,557.7620324,25-07-2023,
174,,Male,UK,680.4754667,30-08-2023,Thirty-five
174,Henry,M,U.K.,612.5435422,30-09-2023,25
187,Alice,F,USA,935.5135786,05-01-2023,
199,Bob,M,India,597.5707863,05-02-2023,30
123,Charlie,male,usa,993.7264119,15-03-2023,33
102,David,Female,UK,881.1399662,15-04-2023,Thirty-five
121,Eve,F,India,366.8084115,20-05-2023,25
152,Eve,F,India,944.4761717,20-05-2023,33
101,Frank,M,France,293.0931183,25-06-2023,28
187,Grace,f,france,853.9597668,25-07-2023,33
129,,Male,UK,504.4986348,30-08-2023,Thirty-five
137,Henry,M,U.K.,902.3794564,30-09-2023,35
101,Alice,F,USA,,05-01-2023,Thirty-five
163,Bob,M,India,844.7403201,05-02-2023,
159,Charlie,male,usa,832.024349,15-03-2023,33
120,David,Female,UK,443.7433113,15-04-2023,40
132,Eve,F,India,264.7354264,20-05-2023,25
175,Eve,F,India,522.384143,20-05-2023,25
157,Frank,M,France,338.819612,25-06-2023,33
121,Grace,f,france,755.9608711,25-07-2023,25
188,,Male,UK,476.8797812,30-08-2023,40
148,Henry,M,U.K.,980.4881607,30-09-2023,Thirty-five
190,Alice,F,USA,712.7776619,05-01-2023,
158,Bob,M,India,857.9844509,05-02-2023,33
141,Charlie,male,usa,306.0197382,15-03-2023,30
191,David,Female,UK,889.6115858,15-04-2023,
159,Eve,F,India,938.2057524,20-05-2023,28
179,Eve,F,India,589.6495351,20-05-2023,
114,Frank,M,France,685.0023502,25-06-2023,25
161,Grace,f,france,811.8478407,25-07-2023,
161,,Male,UK,339.8709018,30-08-2023,Thirty-five
146,Henry,M,U.K.,602.0528612,30-09-2023,33
161,Alice,F,USA,518.9304222,05-01-2023,
150,Bob,M,India,317.0991937,05-02-2023,35
154,Charlie,male,usa,494.0275378,15-03-2023,40
163,David,Female,UK,254.5378475,15-04-2023,25
102,Eve,F,India,220.6495256,20-05-2023,25
150,Eve,F,India,308.1330313,20-05-2023,
106,Frank,M,France,970.4920893,25-06-2023,
120,Grace,f,france,639.6236287,25-07-2023,30
172,,Male,UK,972.6577289,30-08-2023,40
138,Henry,M,U.K.,,30-09-2023,33
117,Alice,F,USA,449.4529065,05-01-2023,25
103,Bob,M,India,604.9134903,05-02-2023,
188,Charlie,male,usa,,15-03-2023,
159,David,Female,UK,284.5317474,15-04-2023,28
113,Eve,F,India,712.6610518,20-05-2023,40
108,Eve,F,India,372.830546,20-05-2023,30
189,Frank,M,France,695.6703639,25-06-2023,
152,Grace,f,france,720.1608739,25-07-2023,Thirty-five
101,,Male,UK,321.6198825,30-08-2023,30
183,Henry,M,U.K.,249.0797017,30-09-2023,Thirty-five
191,Alice,F,USA,824.6092689,05-01-2023,25
159,Bob,M,India,567.840339,05-02-2023,25
170,Charlie,male,usa,246.5310364,15-03-2023,
143,David,Female,UK,995.8930537,15-04-2023,28
107,Eve,F,India,246.2244488,20-05-2023,35
146,Eve,F,India,756.0281831,20-05-2023,35
134,Frank,M,France,986.9431402,25-06-2023,35
177,Grace,f,france,391.3440834,25-07-2023,
180,,Male,UK,313.7994949,30-08-2023,Thirty-five
135,Henry,M,U.K.,297.1079515,30-09-2023,
149,Alice,F,USA,,05-01-2023,40
103,Bob,M,India,280.8366488,05-02-2023,40
101,Charlie,male,usa,753.7290734,15-03-2023,28
105,David,Female,UK,249.8334385,15-04-2023,40
153,Eve,F,India,607.5377025,20-05-2023,35
103,Eve,F,India,997.3574831,20-05-2023,35
153,Frank,M,France,851.1762156,25-06-2023,
192,Grace,f,france,692.1755506,25-07-2023,30
162,,Male,UK,445.0028966,30-08-2023,40
117,Henry,M,U.K.,699.116669,30-09-2023,
189,Alice,F,USA,621.6331711,05-01-2023,25
143,Bob,M,India,540.8667071,05-02-2023,25
133,Charlie,male,usa,304.5683014,15-03-2023,30
173,David,Female,UK,909.2833722,15-04-2023,30
161,Eve,F,India,559.8277191,20-05-2023,30
199,Eve,F,India,355.6980095,20-05-2023,
113,Frank,M,France,494.2074807,25-06-2023,25
194,Grace,f,france,531.303802,25-07-2023,35
147,,Male,UK,862.0303165,30-08-2023,30
114,Henry,M,U.K.,786.8915044,30-09-2023,28
171,Alice,F,USA,815.4439149,05-01-2023,Thirty-five
177,Bob,M,India,208.8250115,05-02-2023,
186,Charlie,male,usa,532.9231985,15-03-2023,30
161,David,Female,UK,585.0753213,15-04-2023,Thirty-five
139,Eve,F,India,215.3538215,20-05-2023,33
184,Eve,F,India,407.850567,20-05-2023,30
179,Frank,M,France,808.2318585,25-06-2023,25
181,Grace,f,france,309.6877646,25-07-2023,40
152,,Male,UK,628.2481052,30-08-2023,30
123,Henry,M,U.K.,372.1614976,30-09-2023,
125,Alice,F,USA,209.6966197,05-01-2023,40
188,Bob,M,India,392.9611661,05-02-2023,33
159,Charlie,male,usa,980.6990039,15-03-2023,28
140,David,Female,UK,841.2296895,15-04-2023,40
128,Eve,F,India,967.6613155,20-05-2023,Thirty-five
114,Eve,F,India,590.2832351,20-05-2023,35
144,Frank,M,France,287.7889589,25-06-2023,30
164,Grace,f,france,638.3675912,25-07-2023,33
188,,Male,UK,563.5018676,30-08-2023,33
170,Henry,M,U.K.,875.4856662,30-09-2023,
108,Alice,F,USA,278.4660646,05-01-2023,28
187,Bob,M,India,590.5929096,05-02-2023,25
100,Charlie,male,usa,,15-03-2023,30
107,David,Female,UK,459.7407415,15-04-2023,33
187,Eve,F,India,789.8856619,20-05-2023,28
162,Eve,F,India,580.8145035,20-05-2023,35
110,Frank,M,France,500.7106281,25-06-2023,33
180,Grace,f,france,515.5810229,25-07-2023,28
107,,Male,UK,567.5574147,30-08-2023,
134,Henry,M,U.K.,828.0132351,30-09-2023,25
134,Alice,F,USA,913.6677512,05-01-2023,25
132,Bob,M,India,964.2677492,05-02-2023,33
104,Charlie,male,usa,829.522709,15-03-2023,Thirty-five
140,David,Female,UK,452.3255166,15-04-2023,33
127,Eve,F,India,750.5077649,20-05-2023,
106,Eve,F,India,550.0824992,20-05-2023,30
172,Frank,M,France,403.7364976,25-06-2023,28
171,Grace,f,france,872.6972635,25-07-2023,33
111,,Male,UK,230.7410792,30-08-2023,
133,Henry,M,U.K.,921.4095937,30-09-2023,40
132,Alice,F,USA,569.1819717,05-01-2023,
147,Bob,M,India,709.7611814,05-02-2023,
122,Charlie,male,usa,727.4831378,15-03-2023,30
161,David,Female,UK,916.0941926,15-04-2023,33
187,Eve,F,India,709.3357457,20-05-2023,25
136,Eve,F,India,691.1468678,20-05-2023,28
136,Eve,F,India,691.1468678,20-05-2023,28
198,Frank,M,France,253.3216324,25-06-2023,28
143,Grace,f,france,614.7264176,25-07-2023,
185,,Male,UK,320.1352007,30-08-2023,
190,Henry,M,U.K.,789.947015,30-09-2023,25
134,Alice,F,USA,609.7775367,05-01-2023,Thirty-five
164,Bob,M,India,744.1822234,05-02-2023,33
198,Charlie,male,usa,,15-03-2023,
146,David,Female,UK,267.8336128,15-04-2023,
177,Eve,F,India,773.0587105,20-05-2023,
102,Eve,F,India,257.6674688,20-05-2023,28
100,Frank,M,France,257.0053822,25-06-2023,33
104,Grace,f,france,209.6867802,25-07-2023,40
136,Eve,F,India,691.1468678,20-05-2023,28
189,,Male,UK,965.2011186,30-08-2023,33
113,Henry,M,U.K.,790.0066876,30-09-2023,30
126,Alice,F,USA,482.6011268,05-01-2023,25
108,Bob,M,India,437.228465,05-02-2023,Thirty-five
178,Charlie,male,usa,479.7625838,15-03-2023,
114,David,Female,UK,819.7228249,15-04-2023,
189,Eve,F,India,729.0964889,20-05-2023,33
141,Eve,F,India,348.1564543,20-05-2023,Thirty-five
176,Frank,M,France,339.2874683,25-06-2023,
150,Grace,f,france,278.7165198,25-07-2023,Thirty-five
162,,Male,UK,728.2421758,30-08-2023,40
195,Henry,M,U.K.,811.4981298,30-09-2023,35
151,Alice,F,USA,412.0371427,05-01-2023,25
195,Bob,M,India,216.7559688,05-02-2023,Thirty-five
103,Charlie,male,usa,265.737334,15-03-2023,28
193,David,Female,UK,974.2880279,15-04-2023,30
122,Eve,F,India,436.355822,20-05-2023,28
114,Eve,F,India,815.3785183,20-05-2023,
142,Frank,M,France,,25-06-2023,
128,Grace,f,france,505.5517117,25-07-2023,40
135,,Male,UK,364.5498098,30-08-2023,28
112,Henry,M,U.K.,,30-09-2023,25
131,Alice,F,USA,692.0103744,05-01-2023,28
170,Bob,M,India,819.7070245,05-02-2023,33
158,Charlie,male,usa,715.1234028,15-03-2023,
185,David,Female,UK,624.2417066,15-04-2023,
127,Eve,F,India,233.5609787,20-05-2023,28
165,Eve,F,India,974.7910221,20-05-2023,30
141,Frank,M,France,838.9713533,25-06-2023,30
144,Grace,f,france,434.2576294,25-07-2023,
161,,Male,UK,983.9762635,30-08-2023,35
156,Henry,M,U.K.,681.5052717,30-09-2023,30
105,Alice,F,USA,665.9381266,05-01-2023,28
127,Bob,M,India,798.4585435,05-02-2023,30
127,Charlie,male,usa,849.4158305,15-03-2023,
143,David,Female,UK,725.1828859,15-04-2023,25
183,Eve,F,India,302.4765971,20-05-2023,Thirty-five
129,Eve,F,India,470.6140048,20-05-2023,
161,Frank,M,France,942.4669123,25-06-2023,33
174,Grace,f,france,379.6924895,25-07-2023,25
191,,Male,UK,,30-08-2023,35
188,Henry,M,U.K.,545.6615064,30-09-2023,33
161,Alice,F,USA,551.5239918,05-01-2023,28
196,Bob,M,India,690.351666,05-02-2023,Thirty-five
100,Charlie,male,usa,954.4606702,15-03-2023,28
126,David,Female,UK,392.5541695,15-04-2023,Thirty-five
161,Eve,F,India,,20-05-2023,Thirty-five
176,Eve,F,India,357.9763919,20-05-2023,28
102,Frank,M,France,909.5399202,25-06-2023,33
169,Grace,f,france,716.6486501,25-07-2023,33
171,,Male,UK,,30-08-2023,Thirty-five
126,Henry,M,U.K.,852.7575512,30-09-2023,33
108,Alice,F,USA,889.0959971,05-01-2023,Thirty-five
161,Bob,M,India,877.211471,05-02-2023,
136,Charlie,male,usa,935.1412269,15-03-2023,Thirty-five
196,David,Female,UK,401.7928161,15-04-2023,
150,Eve,F,India,,20-05-2023,25
143,Eve,F,India,568.4315978,20-05-2023,
123,Frank,M,France,873.5988423,25-06-2023,
178,Grace,f,france,,25-07-2023,28
158,,Male,UK,821.1579572,30-08-2023,40
131,Henry,M,U.K.,724.9294701,30-09-2023,30
195,Alice,F,USA,341.9430156,05-01-2023,28
187,Bob,M,India,636.0215351,05-02-2023,35
151,Charlie,male,usa,987.7357916,15-03-2023,25
161,David,Female,UK,949.9104532,15-04-2023,33
157,Eve,F,India,234.5389886,20-05-2023,25
151,Eve,F,India,331.8518526,20-05-2023,33
111,Frank,M,France,305.3830188,25-06-2023,40
138,Grace,f,france,780.783928,25-07-2023,35
101,,Male,UK,854.2282639,30-08-2023,40
102,Henry,M,U.K.,370.809093,30-09-2023,35
155,Alice,F,USA,604.6821544,05-01-2023,25
180,Bob,M,India,872.5624224,05-02-2023,33
180,Bob,M,India,872.5624224,05-02-2023,33
158,Charlie,male,usa,,15-03-2023,40
101,David,Female,UK,633.7897644,15-04-2023,35
101,Eve,F,India,672.2781524,20-05-2023,Thirty-five
191,Eve,F,India,606.6884375,20-05-2023,28
153,Frank,M,France,,25-06-2023,28
186,Grace,f,france,652.0175943,25-07-2023,40
195,,Male,UK,751.1082416,30-08-2023,33
196,Henry,M,U.K.,898.6583327,30-09-2023,Thirty-five
100,Alice,F,USA,,05-01-2023,40
118,Bob,M,India,808.8972296,05-02-2023,25
101,Charlie,male,usa,328.057308,15-03-2023,35
152,David,Female,UK,569.2459795,15-04-2023,
143,Eve,F,India,207.4652959,20-05-2023,25
189,Eve,F,India,397.3430916,20-05-2023,28
131,Frank,M,France,,25-06-2023,35
169,Grace,f,france,993.4479611,25-07-2023,40
131,,Male,UK,279.3424797,30-08-2023,25
167,Henry,M,U.K.,521.1954527,30-09-2023,30
154,Alice,F,USA,840.056775,05-01-2023,
174,Bob,M,India,363.2285077,05-02-2023,33
155,Charlie,male,usa,644.0679594,15-03-2023,Thirty-five
116,David,Female,UK,786.4570368,15-04-2023,Thirty-five
137,Eve,F,India,692.7883602,20-05-2023,33
123,Eve,F,India,350.4197877,20-05-2023,30
168,Frank,M,France,,25-06-2023,28
197,Grace,f,france,,25-07-2023,
169,,Male,UK,643.3812113,30-08-2023,33
185,Henry,M,U.K.,,30-09-2023,30
110,Alice,F,USA,808.792608,05-01-2023,
115,Bob,M,India,228.249084,05-02-2023,
196,Charlie,male,usa,796.5870262,15-03-2023,Thirty-five
172,David,Female,UK,361.9844481,15-04-2023,
158,Eve,F,India,966.4587841,20-05-2023,30
169,Eve,F,India,494.352601,20-05-2023,
179,Frank,M,France,461.5452931,25-06-2023,28
192,Grace,f,france,319.1104403,25-07-2023,28
102,,Male,UK,444.4833724,30-08-2023,25
119,Henry,M,U.K.,901.3206095,30-09-2023,
158,Alice,F,USA,997.0674701,05-01-2023,25
135,Bob,M,India,494.6476244,05-02-2023,
118,Charlie,male,usa,558.8885048,15-03-2023,Thirty-five
189,David,Female,UK,777.6567506,15-04-2023,30
166,Eve,F,India,908.9566244,20-05-2023,35
118,Eve,F,India,674.4354673,20-05-2023,
119,Frank,M,France,513.2205585,25-06-2023,35
195,Grace,f,france,530.0974727,25-07-2023,28
170,,Male,UK,756.4945172,30-08-2023,35
151,Henry,M,U.K.,202.5746109,30-09-2023,35
132,Alice,F,USA,695.67147,05-01-2023,Thirty-five
139,Bob,M,India,484.3944084,05-02-2023,35
138,Charlie,male,usa,835.357865,15-03-2023,
181,David,Female,UK,,15-04-2023,30
100,Eve,F,India,670.5618136,20-05-2023,35
110,Eve,F,India,584.7783119,20-05-2023,40
191,Frank,M,France,713.8604207,25-06-2023,35
156,Grace,f,france,251.8828756,25-07-2023,35
188,,Male,UK,663.9870299,30-08-2023,25
149,Henry,M,U.K.,649.1876704,30-09-2023,30
122,Alice,F,USA,648.5280755,05-01-2023,
130,Bob,M,India,682.7901333,05-02-2023,28
193,Charlie,male,usa,741.1743498,15-03-2023,25
141,David,Female,UK,843.9911997,15-04-2023,
198,Eve,F,India,,20-05-2023,33
106,Eve,F,India,860.0395281,20-05-2023,30
115,Frank,M,France,598.6045458,25-06-2023,40
189,Grace,f,france,261.6466233,25-07-2023,
159,,Male,UK,246.8407434,30-08-2023,33
101,Henry,M,U.K.,467.390655,30-09-2023,33
100,Alice,F,USA,827.9175817,05-01-2023,33
147,Bob,M,India,766.1447478,05-02-2023,Thirty-five
111,Charlie,male,usa,830.8919717,15-03-2023,28
168,David,Female,UK,,15-04-2023,35
136,Eve,F,India,552.1591984,20-05-2023,30
131,Eve,F,India,317.9620214,20-05-2023,
108,Frank,M,France,462.5542029,25-06-2023,Thirty-five
198,Grace,f,france,547.2154929,25-07-2023,
118,,Male,UK,270.8803437,30-08-2023,35
147,Henry,M,U.K.,376.4895622,30-09-2023,35
179,Alice,F,USA,678.5802353,05-01-2023,40
102,Bob,M,India,788.5304914,05-02-2023,33
119,Charlie,male,usa,998.6780091,15-03-2023,28
123,David,Female,UK,946.4906651,15-04-2023,40
153,Eve,F,India,714.0521596,20-05-2023,25
132,Eve,F,India,,20-05-2023,Thirty-five
123,Frank,M,France,708.9418918,25-06-2023,Thirty-five
174,Grace,f,france,828.5212945,25-07-2023,28
171,,Male,UK,,30-08-2023,35
135,Henry,M,U.K.,527.9239118,30-09-2023,
137,Alice,F,USA,871.8418285,05-01-2023,Thirty-five
183,Bob,M,India,507.0663615,05-02-2023,28
198,Charlie,male,usa,657.497817,15-03-2023,Thirty-five
188,David,Female,UK,670.2154887,15-04-2023,Thirty-five
198,Eve,F,India,347.5810025,20-05-2023,33
124,Eve,F,India,489.7883533,20-05-2023,25
192,Frank,M,France,467.609031,25-06-2023,33
117,Grace,f,france,220.9573668,25-07-2023,25
181,,Male,UK,219.3534111,30-08-2023,Thirty-five
165,Henry,M,U.K.,865.3576349,30-09-2023,40
153,Alice,F,USA,418.456648,05-01-2023,
134,Bob,M,India,614.463013,05-02-2023,35
179,Charlie,male,usa,,15-03-2023,Thirty-five
160,David,Female,UK,952.5433961,15-04-2023,
140,Eve,F,India,407.4374071,20-05-2023,25
199,Eve,F,India,,20-05-2023,
132,Frank,M,France,898.1842004,25-06-2023,Thirty-five
167,Grace,f,france,873.5468534,25-07-2023,28
132,,Male,UK,348.8811343,30-08-2023,40
113,Henry,M,U.K.,842.1146478,30-09-2023,28
120,Alice,F,USA,566.5495094,05-01-2023,35
147,Bob,M,India,,05-02-2023,Thirty-five
119,Charlie,male,usa,306.7839779,15-03-2023,25
107,David,Female,UK,264.481211,15-04-2023,40
106,Eve,F,India,782.3514456,20-05-2023,40
166,Eve,F,India,597.1689219,20-05-2023,30
116,Frank,M,France,549.4805621,25-06-2023,35
132,Grace,f,france,783.6065829,25-07-2023,
147,,Male,UK,812.4103192,30-08-2023,
175,Henry,M,U.K.,327.1265341,30-09-2023,40
158,Alice,F,USA,688.1801196,05-01-2023,Thirty-five
185,Bob,M,India,308.2832658,05-02-2023,25
121,Charlie,male,usa,801.1000688,15-03-2023,25
129,David,Female,UK,,15-04-2023,40
137,Eve,F,India,965.2916969,20-05-2023,28
150,Eve,F,India,255.1664131,20-05-2023,35
153,Frank,M,France,245.6437769,25-06-2023,25
107,Grace,f,france,425.7496598,25-07-2023,40
126,,Male,UK,409.364547,30-08-2023,25
126,Henry,M,U.K.,397.5830393,30-09-2023,
197,Alice,F,USA,925.0036644,05-01-2023,40
120,Bob,M,India,399.6369599,05-02-2023,35
129,Charlie,male,usa,417.5597809,15-03-2023,40
196,David,Female,UK,807.5186099,15-04-2023,30
127,Eve,F,India,559.791874,20-05-2023,40
163,Eve,F,India,821.3684456,20-05-2023,
196,Frank,M,France,252.2929261,25-06-2023,Thirty-five
168,Grace,f,france,590.0569549,25-07-2023,
160,,Male,UK,226.8908801,30-08-2023,35
147,Henry,M,U.K.,250.1225628,30-09-2023,Thirty-five
118,Alice,F,USA,925.1499627,05-01-2023,40
103,Bob,M,India,,05-02-2023,35
134,Charlie,male,usa,625.9365458,15-03-2023,30
163,David,Female,UK,528.8764821,15-04-2023,35
148,Eve,F,India,477.874661,20-05-2023,25
116,Eve,F,India,919.8666765,20-05-2023,Thirty-five
143,Frank,M,France,217.4587174,25-06-2023,35
191,Grace,f,france,,25-07-2023,
129,,Male,UK,970.7155474,30-08-2023,30
192,Henry,M,U.K.,648.1345468,30-09-2023,33
145,Alice,F,USA,949.4579696,05-01-2023,40
105,Bob,M,India,241.8063034,05-02-2023,35
198,Charlie,male,usa,535.0346553,15-03-2023,40
136,David,Female,UK,408.1262328,15-04-2023,28
123,Eve,F,India,784.656772,20-05-2023,25
192,Eve,F,India,985.0376724,20-05-2023,Thirty-five
145,Frank,M,France,405.22405,25-06-2023,25
152,Grace,f,france,723.3396812,25-07-2023,28
194,,Male,UK,,30-08-2023,28
198,Henry,M,U.K.,652.2642037,30-09-2023,Thirty-five
159,Alice,F,USA,571.1459894,05-01-2023,35
196,Bob,M,India,977.6042637,05-02-2023,28
162,Charlie,male,usa,,15-03-2023,33
184,David,Female,UK,479.6050977,15-04-2023,40
131,Eve,F,India,291.2766279,20-05-2023,40
186,Eve,F,India,320.997463,20-05-2023,30
132,Frank,M,France,,25-06-2023,
166,Grace,f,france,400.7733291,25-07-2023,28
117,,Male,UK,880.4928463,30-08-2023,28
124,Henry,M,U.K.,648.9782306,30-09-2023,33
194,Alice,F,USA,618.7127291,05-01-2023,25
153,Bob,M,India,291.8150975,05-02-2023,25
157,Charlie,male,usa,888.1117547,15-03-2023,40
166,David,Female,UK,778.2514426,15-04-2023,40
145,Eve,F,India,254.1346895,20-05-2023,35
123,Eve,F,India,,20-05-2023,Thirty-five
131,Frank,M,France,634.8305739,25-06-2023,
146,Grace,f,france,,25-07-2023,33
185,,Male,UK,566.6405132,30-08-2023,Thirty-five
122,Henry,M,U.K.,587.7570297,30-09-2023,Thirty-five
165,Alice,F,USA,332.6196321,05-01-2023,30
126,Bob,M,India,956.5585176,05-02-2023,Thirty-five
101,Charlie,male,usa,879.9802972,15-03-2023,30
189,David,Female,UK,735.2178699,15-04-2023,Thirty-five
116,Eve,F,India,569.8364488,20-05-2023,33
132,Eve,F,India,529.4124333,20-05-2023,30
108,Frank,M,France,720.7787737,25-06-2023,25
142,Grace,f,france,636.3454955,25-07-2023,30
147,,Male,UK,249.8184847,30-08-2023,30
138,Henry,M,U.K.,610.002119,30-09-2023,33
192,Alice,F,USA,845.1228938,05-01-2023,33
141,Bob,M,India,567.3919021,05-02-2023,30
125,Charlie,male,usa,241.565262,15-03-2023,
198,David,Female,UK,829.0225595,15-04-2023,28
149,Eve,F,India,361.0910257,20-05-2023,
124,Eve,F,India,406.8966679,20-05-2023,33
123,Frank,M,France,331.7650827,25-06-2023,
112,Grace,f,france,464.1720519,25-07-2023,
159,,Male,UK,805.4012046,30-08-2023,35
106,Henry,M,U.K.,615.5086876,30-09-2023,35
156,Alice,F,USA,,05-01-2023,25
135,Bob,M,India,,05-02-2023,Thirty-five
144,Charlie,male,usa,903.665484,15-03-2023,30
119,David,Female,UK,896.46274,15-04-2023,28
164,Eve,F,India,391.0369691,20-05-2023,25
107,Eve,F,India,560.9914753,20-05-2023,30
115,Frank,M,France,987.9917249,25-06-2023,
113,Grace,f,france,817.609981,25-07-2023,33
175,,Male,UK,221.733937,30-08-2023,35
186,Henry,M,U.K.,,30-09-2023,40
114,Alice,F,USA,571.1451014,05-01-2023,28
191,Bob,M,India,927.3761647,05-02-2023,
197,Charlie,male,usa,630.9614384,15-03-2023,40
165,David,Female,UK,598.2500064,15-04-2023,35
131,Eve,F,India,284.37896,20-05-2023,
186,Eve,F,India,725.4240838,20-05-2023,
162,Frank,M,France,857.6825285,25-06-2023,Thirty-five
185,Grace,f,france,504.336006,25-07-2023,40
150,,Male,UK,820.4894807,30-08-2023,33
124,Henry,M,U.K.,971.5813231,30-09-2023,
157,Alice,F,USA,363.0131673,05-01-2023,30
162,Bob,M,India,618.663705,05-02-2023,
161,Charlie,male,usa,429.7103665,15-03-2023,33
121,David,Female,UK,834.2835352,15-04-2023,
157,Eve,F,India,662.0746927,20-05-2023,40
157,Eve,F,India,707.665934,20-05-2023,33
185,Frank,M,France,838.3313277,25-06-2023,
148,Grace,f,france,516.7763781,25-07-2023,28
151,,Male,UK,,30-08-2023,33
141,Henry,M,U.K.,626.4230938,30-09-2023,
169,Alice,F,USA,326.3638583,05-01-2023,35
114,Bob,M,India,756.7192945,05-02-2023,28
153,Charlie,male,usa,834.6090804,15-03-2023,Thirty-five
159,David,Female,UK,453.4093417,15-04-2023,30
196,Eve,F,India,885.7434056,20-05-2023,40
107,Eve,F,India,924.9146038,20-05-2023,
152,Frank,M,France,421.5235899,25-06-2023,
159,Grace,f,france,986.8171782,25-07-2023,Thirty-five
104,,Male,UK,312.5692224,30-08-2023,30
167,Henry,M,U.K.,361.6125347,30-09-2023,Thirty-five
105,Alice,F,USA,347.3798714,05-01-2023,25
195,Bob,M,India,915.191768,05-02-2023,Thirty-five
193,Charlie,male,usa,723.4340419,15-03-2023,35
146,David,Female,UK,321.6834266,15-04-2023,28
198,Eve,F,India,,20-05-2023,
154,Eve,F,India,692.2384201,20-05-2023,
139,Frank,M,France,266.771268,25-06-2023,
151,Grace,f,france,905.9330947,25-07-2023,33
115,,Male,UK,842.8828284,30-08-2023,30
112,Henry,M,U.K.,604.1654189,30-09-2023,Thirty-five
129,Alice,F,USA,973.7012922,05-01-2023,28
118,Bob,M,India,534.2087834,05-02-2023,35
116,Charlie,male,usa,987.2882552,15-03-2023,25
162,David,Female,UK,734.335999,15-04-2023,
118,Eve,F,India,,20-05-2023,30
191,Eve,F,India,332.7639162,20-05-2023,40
157,Frank,M,France,905.5422066,25-06-2023,28
154,Grace,f,france,541.9917503,25-07-2023,40
189,,Male,UK,329.7867246,30-08-2023,28
189,Henry,M,U.K.,210.086016,30-09-2023,28
161,Alice,F,USA,,05-01-2023,35
122,Bob,M,India,621.9196977,05-02-2023,35
108,Charlie,male,usa,775.4828979,15-03-2023,35
111,David,Female,UK,,15-04-2023,Thirty-five
100,Eve,F,India,263.5252677,20-05-2023,33
157,Eve,F,India,785.1971923,20-05-2023,28
100,Frank,M,France,349.9295553,25-06-2023,30
133,Grace,f,france,886.5416425,25-07-2023,40
195,,Male,UK,855.2508111,30-08-2023,35
147,Henry,M,U.K.,632.635004,30-09-2023,Thirty-five
188,Alice,F,USA,768.1942389,05-01-2023,35
100,Bob,M,India,451.4800905,05-02-2023,40
115,Charlie,male,usa,576.9343191,15-03-2023,40
160,David,Female,UK,857.3095182,15-04-2023,
163,Eve,F,India,567.4121577,20-05-2023,28
162,Eve,F,India,486.2386123,20-05-2023,35
168,Frank,M,France,595.3699578,25-06-2023,40
121,Grace,f,france,862.5994019,25-07-2023,33
192,,Male,UK,468.1664379,30-08-2023,33
166,Henry,M,U.K.,339.0092745,30-09-2023,35
175,Alice,F,USA,769.6112163,05-01-2023,Thirty-five
125,Bob,M,India,860.7825702,05-02-2023,40
115,Charlie,male,usa,280.5099828,15-03-2023,
150,David,Female,UK,391.8992902,15-04-2023,28
185,Eve,F,India,313.5775918,20-05-2023,28
156,Eve,F,India,478.3531293,20-05-2023,Thirty-five
128,Frank,M,France,560.2807831,25-06-2023,
177,Grace,f,france,,25-07-2023,28
191,,Male,UK,720.9180679,30-08-2023,
168,Henry,M,U.K.,696.742854,30-09-2023,
146,Alice,F,USA,481.8999573,05-01-2023,35
193,Bob,M,India,873.1580425,05-02-2023,28
161,Charlie,male,usa,577.0297339,15-03-2023,33
168,David,Female,UK,983.2839504,15-04-2023,40
175,Eve,F,India,707.3137106,20-05-2023,
175,Eve,F,India,707.3137106,20-05-2023,
115,Eve,F,India,301.0117933,20-05-2023,
189,Frank,M,France,,25-06-2023,30
189,Grace,f,france,460.0832123,25-07-2023,Thirty-five
147,,Male,UK,749.0617573,30-08-2023,30
184,Henry,M,U.K.,255.7129185,30-09-2023,28
138,Alice,F,USA,339.9051497,05-01-2023,30
199,Bob,M,India,884.5898071,05-02-2023,30
132,Charlie,male,usa,381.7436456,15-03-2023,25
193,David,Female,UK,869.6329002,15-04-2023,
122,Eve,F,India,423.4208708,20-05-2023,33
109,Eve,F,India,714.305528,20-05-2023,Thirty-five
168,Frank,M,France,755.3204588,25-06-2023,33
199,Grace,f,france,610.1238025,25-07-2023,25
133,,Male,UK,444.2485414,30-08-2023,25
151,Henry,M,U.K.,370.1155011,30-09-2023,30
194,Alice,F,USA,226.5514836,05-01-2023,35
109,Bob,M,India,443.157121,05-02-2023,
118,Charlie,male,usa,722.5302324,15-03-2023,40
157,David,Female,UK,950.6438548,15-04-2023,
195,Eve,F,India,896.9635858,20-05-2023,40
100,Eve,F,India,,20-05-2023,30
168,Frank,M,France,830.7578746,25-06-2023,40
103,Grace,f,france,731.9879228,25-07-2023,25
115,,Male,UK,,30-08-2023,33
123,Henry,M,U.K.,925.7560246,30-09-2023,40
179,Alice,F,USA,736.5858495,05-01-2023,
101,Bob,M,India,648.3525048,05-02-2023,Thirty-five
191,Charlie,male,usa,,15-03-2023,30
131,David,Female,UK,557.644435,15-04-2023,35
190,Eve,F,India,568.286617,20-05-2023,30
183,Eve,F,India,891.6508876,20-05-2023,28
123,Frank,M,France,637.3185762,25-06-2023,30
111,Grace,f,france,504.3204392,25-07-2023,25
149,,Male,UK,981.4402628,30-08-2023,33
134,Henry,M,U.K.,,30-09-2023,33
132,Alice,F,USA,,05-01-2023,Thirty-five
132,Bob,M,India,233.6197401,05-02-2023,40
160,Charlie,male,usa,791.9232966,15-03-2023,25
150,David,Female,UK,934.4612418,15-04-2023,28
142,Eve,F,India,424.0298636,20-05-2023,25
111,Eve,F,India,886.6733414,20-05-2023,30
166,Frank,M,France,433.7745844,25-06-2023,25
164,Grace,f,france,928.6161293,25-07-2023,25
132,,Male,UK,803.1695229,30-08-2023,Thirty-five
139,Henry,M,U.K.,843.9254215,30-09-2023,28
173,Alice,F,USA,214.4052445,05-01-2023,30
142,Bob,M,India,970.2482857,05-02-2023,35
143,Charlie,male,usa,781.3367937,15-03-2023,Thirty-five
128,David,Female,UK,443.8008763,15-04-2023,35
112,Eve,F,India,,20-05-2023,Thirty-five
111,Eve,F,India,425.2169587,20-05-2023,
194,Frank,M,France,898.2030717,25-06-2023,
145,Grace,f,france,290.0643123,25-07-2023,Thirty-five
101,,Male,UK,762.948782,30-08-2023,40
134,Henry,M,U.K.,632.5587813,30-09-2023,25
186,Alice,F,USA,277.2275762,05-01-2023,33
180,Bob,M,India,393.5150626,05-02-2023,
189,Charlie,male,usa,209.923229,15-03-2023,35
107,David,Female,UK,575.0143724,15-04-2023,
192,Eve,F,India,441.0122086,20-05-2023,
125,Eve,F,India,678.6859874,20-05-2023,Thirty-five
173,Frank,M,France,437.7902462,25-06-2023,25
189,Grace,f,france,439.9352892,25-07-2023,28
133,,Male,UK,794.554559,30-08-2023,40
106,Henry,M,U.K.,238.5142688,30-09-2023,28
167,Alice,F,USA,922.3159962,05-01-2023,25
157,Bob,M,India,,05-02-2023,40
174,Charlie,male,usa,734.2437466,15-03-2023,28
128,David,Female,UK,674.5772561,15-04-2023,40
135,Eve,F,India,913.8419985,20-05-2023,Thirty-five
188,Eve,F,India,348.2641436,20-05-2023,Thirty-five
120,Frank,M,France,263.1753298,25-06-2023,25
135,Grace,f,france,391.6081359,25-07-2023,25
109,,Male,UK,835.662623,30-08-2023,40
172,Henry,M,U.K.,227.7362134,30-09-2023,30
123,Alice,F,USA,666.2454681,05-01-2023,33
163,Bob,M,India,996.350013,05-02-2023,
198,Charlie,male,usa,884.5568751,15-03-2023,28
148,David,Female,UK,617.1565512,15-04-2023,28
198,Eve,F,India,250.9127274,20-05-2023,30
135,Eve,F,India,,20-05-2023,30
181,Frank,M,France,679.1828065,25-06-2023,30
195,Grace,f,france,291.9463976,25-07-2023,35
123,,Male,UK,275.0858279,30-08-2023,35
122,Henry,M,U.K.,927.7014555,30-09-2023,40
161,Alice,F,USA,735.3602104,05-01-2023,35
195,Bob,M,India,863.4294395,05-02-2023,Thirty-five
136,Charlie,male,usa,903.1831202,15-03-2023,Thirty-five
111,David,Female,UK,657.4178816,15-04-2023,25
154,Eve,F,India,613.9570814,20-05-2023,
112,Eve,F,India,544.3419283,20-05-2023,40
122,Frank,M,France,,25-06-2023,
188,Grace,f,france,547.6767687,25-07-2023,28
198,,Male,UK,819.1037246,30-08-2023,33
129,Henry,M,U.K.,681.5387448,30-09-2023,25
116,Alice,F,USA,914.018632,05-01-2023,28
161,Bob,M,India,554.7040115,05-02-2023,
183,Charlie,male,usa,,15-03-2023,40
188,David,Female,UK,,15-04-2023,30
185,Eve,F,India,673.3577298,20-05-2023,30
112,Eve,F,India,762.1070185,20-05-2023,
158,Frank,M,France,389.9467747,25-06-2023,25
118,Grace,f,france,609.891022,25-07-2023,30
148,,Male,UK,283.3798422,30-08-2023,28
199,Henry,M,U.K.,507.6090621,30-09-2023,
111,Alice,F,USA,590.1336549,05-01-2023,35
160,Bob,M,India,,05-02-2023,30
118,Charlie,male,usa,960.4248421,15-03-2023,28
175,David,Female,UK,680.5208532,15-04-2023,
108,Eve,F,India,794.8751329,20-05-2023,40
170,Eve,F,India,605.0128476,20-05-2023,25
127,Frank,M,France,707.2832251,25-06-2023,33
177,Grace,f,france,256.7457729,25-07-2023,30
194,,Male,UK,403.5132647,30-08-2023,Thirty-five
151,Henry,M,U.K.,489.4824746,30-09-2023,Thirty-five
182,Alice,F,USA,577.994684,05-01-2023,
115,Bob,M,India,,05-02-2023,28
168,Charlie,male,usa,312.019278,15-03-2023,33
198,David,Female,UK,421.4514462,15-04-2023,33
111,Eve,F,India,,20-05-2023,35
124,Eve,F,India,465.0776057,20-05-2023,33
151,Frank,M,France,,25-06-2023,Thirty-five
184,Grace,f,france,,25-07-2023,40
199,,Male,UK,688.6240569,30-08-2023,28
152,Henry,M,U.K.,424.5465724,30-09-2023,28
122,Alice,F,USA,365.5940628,05-01-2023,30
115,Bob,M,India,613.2581028,05-02-2023,30
156,Charlie,male,usa,204.4046393,15-03-2023,30
138,David,Female,UK,206.1312261,15-04-2023,Thirty-five
152,Eve,F,India,375.2550473,20-05-2023,Thirty-five
141,Eve,F,India,229.37709,20-05-2023,
157,Frank,M,France,286.4206033,25-06-2023,Thirty-five
138,Grace,f,france,471.0885195,25-07-2023,Thirty-five
113,,Male,UK,,30-08-2023,Thirty-five
194,Henry,M,U.K.,657.6389147,30-09-2023,Thirty-five
104,Alice,F,USA,,05-01-2023,40
134,Bob,M,India,434.7910586,05-02-2023,Thirty-five
186,Charlie,male,usa,945.4029755,15-03-2023,
192,David,Female,UK,517.612033,15-04-2023,33
174,Eve,F,India,269.6742134,20-05-2023,33
117,Eve,F,India,693.6532129,20-05-2023,35
175,Frank,M,France,291.0707148,25-06-2023,40
108,Grace,f,france,476.1785142,25-07-2023,30
173,,Male,UK,,30-08-2023,25
157,Henry,M,U.K.,899.3780197,30-09-2023,Thirty-five
116,Alice,F,USA,594.8372643,05-01-2023,35
106,Bob,M,India,761.8070128,05-02-2023,
145,Charlie,male,usa,994.2534712,15-03-2023,
112,David,Female,UK,305.1912959,15-04-2023,33
139,Eve,F,India,419.7852204,20-05-2023,35
141,Eve,F,India,515.6608605,20-05-2023,
108,Frank,M,France,,25-06-2023,35
149,Grace,f,france,,25-07-2023,28
126,,Male,UK,926.088802,30-08-2023,
165,Henry,M,U.K.,771.2261156,30-09-2023,33
104,Alice,F,USA,686.3241713,05-01-2023,33
128,Bob,M,India,447.4981743,05-02-2023,40
136,Charlie,male,usa,859.0323074,15-03-2023,35
137,David,Female,UK,964.0484092,15-04-2023,Thirty-five
182,Eve,F,India,856.958626,20-05-2023,33
107,Eve,F,India,201.2520842,20-05-2023,35
164,Frank,M,France,709.1210961,25-06-2023,40
185,Grace,f,france,240.9083052,25-07-2023,Thirty-five
116,,Male,UK,406.0857763,30-08-2023,
170,Henry,M,U.K.,247.6197603,30-09-2023,40
188,Alice,F,USA,683.0363624,05-01-2023,28
144,Bob,M,India,749.2719308,05-02-2023,Thirty-five
103,Charlie,male,usa,291.5901105,15-03-2023,35
135,David,Female,UK,507.0711064,15-04-2023,33
169,Eve,F,India,564.9892072,20-05-2023,33
130,Eve,F,India,495.2424174,20-05-2023,35
118,Frank,M,France,,25-06-2023,35
160,Grace,f,france,,25-07-2023,35
153,,Male,UK,800.9424382,30-08-2023,30
138,Henry,M,U.K.,256.8061316,30-09-2023,Thirty-five
190,Alice,F,USA,264.1440113,05-01-2023,33
173,Bob,M,India,483.8170335,05-02-2023,Thirty-five
189,Charlie,male,usa,953.3805693,15-03-2023,40
118,David,Female,UK,734.8581174,15-04-2023,33
138,Eve,F,India,742.9359653,20-05-2023,30
166,Eve,F,India,489.5359927,20-05-2023,35
144,Frank,M,France,674.928633,25-06-2023,28
112,Grace,f,france,,25-07-2023,35
191,,Male,UK,708.8768371,30-08-2023,
157,Henry,M,U.K.,930.6295581,30-09-2023,35
119,Alice,F,USA,690.0587747,05-01-2023,30
191,Bob,M,India,898.9588748,05-02-2023,Thirty-five
171,Charlie,male,usa,779.1784444,15-03-2023,33
160,David,Female,UK,296.4467331,15-04-2023,35
138,Eve,F,India,921.9626458,20-05-2023,33
100,Eve,F,India,253.1550755,20-05-2023,25
102,Frank,M,France,627.173978,25-06-2023,40
176,Grace,f,france,313.709699,25-07-2023,Thirty-five
191,,Male,UK,209.3652886,30-08-2023,33
161,Henry,M,U.K.,537.6274081,30-09-2023,28
162,Alice,F,USA,436.0325661,05-01-2023,40
124,Bob,M,India,588.800395,05-02-2023,
155,Charlie,male,usa,661.7599094,15-03-2023,
132,David,Female,UK,234.9912578,15-04-2023,28
137,Eve,F,India,298.4026361,20-05-2023,35
105,Eve,F,India,646.9139172,20-05-2023,40
157,Frank,M,France,474.5338825,25-06-2023,33
143,Grace,f,france,783.33879,25-07-2023,40
144,,Male,UK,721.8333189,30-08-2023,35
131,Henry,M,U.K.,876.4834904,30-09-2023,30
144,Alice,F,USA,753.9942613,05-01-2023,Thirty-five
160,Bob,M,India,543.9448619,05-02-2023,28
146,Charlie,male,usa,738.3732979,15-03-2023,35
120,David,Female,UK,420.3049394,15-04-2023,30
179,Eve,F,India,445.050799,20-05-2023,40
184,Eve,F,India,831.1881279,20-05-2023,40
174,Frank,M,France,557.1356131,25-06-2023,35
135,Grace,f,france,838.7042724,25-07-2023,33
198,,Male,UK,857.9378989,30-08-2023,40
118,Henry,M,U.K.,886.0498701,30-09-2023,33
119,Alice,F,USA,933.3081887,05-01-2023,
156,Bob,M,India,544.7881764,05-02-2023,Thirty-five
117,Charlie,male,usa,455.0934547,15-03-2023,
146,David,Female,UK,665.7589973,15-04-2023,25
148,Eve,F,India,496.9379388,20-05-2023,Thirty-five
113,Eve,F,India,680.8593334,20-05-2023,30
114,Frank,M,France,764.4686901,25-06-2023,
130,Grace,f,france,750.7240148,25-07-2023,40
100,,Male,UK,499.6423096,30-08-2023,40
153,Henry,M,U.K.,,30-09-2023,33
102,Alice,F,USA,544.4234708,05-01-2023,Thirty-five
115,Bob,M,India,314.0753153,05-02-2023,Thirty-five
186,Charlie,male,usa,912.0776281,15-03-2023,25
156,David,Female,UK,476.7019686,15-04-2023,33
174,Eve,F,India,323.5677978,20-05-2023,25
111,Eve,F,India,220.3582079,20-05-2023,
173,Frank,M,France,716.657909,25-06-2023,33
195,Grace,f,france,709.521854,25-07-2023,28
115,,Male,UK,472.4833333,30-08-2023,28
171,Henry,M,U.K.,257.3695111,30-09-2023,35
175,Alice,F,USA,,05-01-2023,33
123,Bob,M,India,448.9739961,05-02-2023,Thirty-five
127,Charlie,male,usa,741.6965118,15-03-2023,40
107,David,Female,UK,684.6233996,15-04-2023,30
191,Eve,F,India,491.6749826,20-05-2023,35
135,Eve,F,India,374.3140434,20-05-2023,40
189,Frank,M,France,990.4287729,25-06-2023,28
107,Grace,f,france,563.201297,25-07-2023,
157,,Male,UK,750.6193886,30-08-2023,35
159,Henry,M,U.K.,312.4423741,30-09-2023,33
149,Alice,F,USA,588.4717597,05-01-2023,
127,Bob,M,India,,05-02-2023,35
191,Charlie,male,usa,604.3640943,15-03-2023,28
140,David,Female,UK,971.2139257,15-04-2023,25
199,Eve,F,India,,20-05-2023,28
163,Eve,F,India,231.1968101,20-05-2023,Thirty-five
126,Frank,M,France,224.7646327,25-06-2023,Thirty-five
162,Grace,f,france,510.389408,25-07-2023,
116,,Male,UK,328.0199492,30-08-2023,30
172,Henry,M,U.K.,218.6816771,30-09-2023,28
132,Alice,F,USA,,05-01-2023,40
183,Bob,M,India,566.8184071,05-02-2023,
176,Charlie,male,usa,431.3958176,15-03-2023,
191,David,Female,UK,920.0665464,15-04-2023,30
128,Eve,F,India,,20-05-2023,25
112,Eve,F,India,964.7350632,20-05-2023,35
145,Frank,M,France,451.1733739,25-06-2023,35
134,Grace,f,france,910.7229378,25-07-2023,Thirty-five
105,,Male,UK,682.3543012,30-08-2023,30
181,Henry,M,U.K.,861.3658878,30-09-2023,Thirty-five
168,Alice,F,USA,987.2105306,05-01-2023,35
146,Bob,M,India,430.7243503,05-02-2023,
124,Charlie,male,usa,968.9083883,15-03-2023,28
165,David,Female,UK,,15-04-2023,30
109,Eve,F,India,508.4095238,20-05-2023,33
155,Eve,F,India,472.3096834,20-05-2023,28
129,Frank,M,France,633.1260859,25-06-2023,28
104,Grace,f,france,323.3160345,25-07-2023,28
132,,Male,UK,642.9691883,30-08-2023,33
164,Henry,M,U.K.,,30-09-2023,
117,Alice,F,USA,809.5214501,05-01-2023,25
195,Bob,M,India,866.9199696,05-02-2023,
148,Charlie,male,usa,552.3530802,15-03-2023,
110,David,Female,UK,441.8665995,15-04-2023,
184,Eve,F,India,407.4679179,20-05-2023,40
125,Eve,F,India,355.6990694,20-05-2023,Thirty-five
162,Frank,M,France,246.1180658,25-06-2023,35
188,Grace,f,france,473.9583831,25-07-2023,Thirty-five
185,,Male,UK,416.1981537,30-08-2023,30
158,Henry,M,U.K.,973.1339087,30-09-2023,
126,Alice,F,USA,646.167061,05-01-2023,25
148,Bob,M,India,477.8216312,05-02-2023,30
176,Charlie,male,usa,,15-03-2023,Thirty-five
132,David,Female,UK,311.3573611,15-04-2023,35
197,Eve,F,India,555.2349994,20-05-2023,33
198,Eve,F,India,700.9874571,20-05-2023,Thirty-five
100,Frank,M,France,591.1182654,25-06-2023,28
120,Grace,f,france,521.4230405,25-07-2023,Thirty-five
154,,Male,UK,995.0787111,30-08-2023,28
105,Henry,M,U.K.,904.2518097,30-09-2023,33
191,Alice,F,USA,698.7247665,05-01-2023,Thirty-five
180,Bob,M,India,655.5018889,05-02-2023,25
168,Charlie,male,usa,696.5283839,15-03-2023,25
194,David,Female,UK,,15-04-2023,30
104,Eve,F,India,516.1101946,20-05-2023,33
102,Eve,F,India,231.5676263,20-05-2023,
152,Frank,M,France,580.43683,25-06-2023,25
122,Grace,f,france,634.4196672,25-07-2023,Thirty-five
152,,Male,UK,382.1997889,30-08-2023,
136,Henry,M,U.K.,971.2230777,30-09-2023,35
173,Alice,F,USA,927.5636887,05-01-2023,28
173,Bob,M,India,777.7145884,05-02-2023,Thirty-five
182,Charlie,male,usa,626.709303,15-03-2023,28
116,David,Female,UK,895.9753277,15-04-2023,28
184,Eve,F,India,304.5218751,20-05-2023,
177,Eve,F,India,832.4078354,20-05-2023,33
172,Frank,M,France,299.8566512,25-06-2023,33
100,Grace,f,france,835.36853,25-07-2023,30
150,,Male,UK,420.6140546,30-08-2023,28
144,Henry,M,U.K.,901.6724648,30-09-2023,30
176,Alice,F,USA,955.2336751,05-01-2023,
103,Bob,M,India,,05-02-2023,28
161,Charlie,male,usa,570.1404841,15-03-2023,30
164,David,Female,UK,984.7899025,15-04-2023,30
131,Eve,F,India,586.7259488,20-05-2023,35
133,Eve,F,India,890.838018,20-05-2023,30
191,Frank,M,France,670.9852177,25-06-2023,
194,Grace,f,france,500.2639263,25-07-2023,30
171,,Male,UK,428.6268444,30-08-2023,28
138,Henry,M,U.K.,362.5784729,30-09-2023,30
125,Alice,F,USA,809.4385531,05-01-2023,25
133,Bob,M,India,,05-02-2023,40
153,Charlie,male,usa,609.0203698,15-03-2023,28
102,David,Female,UK,593.860384,15-04-2023,25
149,Eve,F,India,661.8232234,20-05-2023,
111,Eve,F,India,892.4617165,20-05-2023,28
164,Frank,M,France,984.5914749,25-06-2023,33
153,Grace,f,france,526.0673669,25-07-2023,40
104,,Male,UK,862.0151377,30-08-2023,40
193,Henry,M,U.K.,811.6222357,30-09-2023,33
193,Alice,F,USA,,05-01-2023,40
156,Bob,M,India,964.8377149,05-02-2023,
116,Charlie,male,usa,360.3796124,15-03-2023,25
146,David,Female,UK,287.4113682,15-04-2023,
122,Eve,F,India,883.1695736,20-05-2023,35
178,Eve,F,India,551.3198533,20-05-2023,28
184,Frank,M,France,877.5750834,25-06-2023,33
113,Grace,f,france,914.4721642,25-07-2023,28
165,,Male,UK,249.9660749,30-08-2023,
174,Henry,M,U.K.,906.7718104,30-09-2023,25
150,Alice,F,USA,558.6552443,05-01-2023,35
137,Bob,M,India,,05-02-2023,
163,Charlie,male,usa,701.2740089,15-03-2023,25
197,David,Female,UK,,15-04-2023,40
137,Eve,F,India,215.2928755,20-05-2023,28
149,Eve,F,India,581.4747747,20-05-2023,Thirty-five
197,Frank,M,France,750.1776339,25-06-2023,35
181,Grace,f,france,778.1655662,25-07-2023,40
129,,Male,UK,,30-08-2023,
178,Henry,M,U.K.,307.5481035,30-09-2023,35
190,Alice,F,USA,439.5164707,05-01-2023,40
150,Bob,M,India,486.9724203,05-02-2023,25
162,Charlie,male,usa,843.5497661,15-03-2023,33
197,David,Female,UK,423.0078979,15-04-2023,28
151,Eve,F,India,368.5639711,20-05-2023,30
137,Eve,F,India,965.9584152,20-05-2023,30
196,Frank,M,France,207.0906281,25-06-2023,25
187,Grace,f,france,998.2566845,25-07-2023,
178,,Male,UK,741.4570391,30-08-2023,28
129,Henry,M,U.K.,862.7754396,30-09-2023,
150,Alice,F,USA,435.6955171,05-01-2023,28
180,Bob,M,India,211.4522221,05-02-2023,25
104,Charlie,male,usa,790.2956148,15-03-2023,28
128,David,Female,UK,867.3156776,15-04-2023,33
103,Eve,F,India,792.3809056,20-05-2023,
109,Eve,F,India,314.2802298,20-05-2023,25
155,Frank,M,France,802.7423378,25-06-2023,33
116,Grace,f,france,815.1382257,25-07-2023,28
173,,Male,UK,726.8324125,30-08-2023,25
116,Henry,M,U.K.,812.8927462,30-09-2023,28
183,Alice,F,USA,876.7371517,05-01-2023,
187,Bob,M,India,690.8832914,05-02-2023,25
168,Charlie,male,usa,270.8837712,15-03-2023,28
133,David,Female,UK,590.1022477,15-04-2023,
105,Eve,F,India,262.1194677,20-05-2023,33
152,Eve,F,India,526.0344248,20-05-2023,Thirty-five
165,Frank,M,France,,25-06-2023,33
176,Grace,f,france,252.8078753,25-07-2023,28
142,,Male,UK,479.0564272,30-08-2023,25
174,Henry,M,U.K.,288.798479,30-09-2023,30
122,Alice,F,USA,846.588168,05-01-2023,33
154,Bob,M,India,958.1504208,05-02-2023,33
179,Charlie,male,usa,257.8531802,15-03-2023,
194,David,Female,UK,964.0921658,15-04-2023,40
174,Eve,F,India,618.0612795,20-05-2023,30
115,Eve,F,India,439.6525424,20-05-2023,28
107,Frank,M,France,261.4896602,25-06-2023,Thirty-five
103,Grace,f,france,600.4994145,25-07-2023,25
103,,Male,UK,835.6124356,30-08-2023,40
155,Henry,M,U.K.,765.6691818,30-09-2023,28
124,Alice,F,USA,240.1808092,05-01-2023,35
166,Bob,M,India,258.3214683,05-02-2023,Thirty-five
195,Charlie,male,usa,522.2986261,15-03-2023,33
166,David,Female,UK,436.2323952,15-04-2023,35
126,Eve,F,India,385.9074584,20-05-2023,33
192,Eve,F,India,,20-05-2023,33
131,Frank,M,France,842.7861946,25-06-2023,35
149,Grace,f,france,943.3824429,25-07-2023,Thirty-five
160,,Male,UK,524.0821556,30-08-2023,
150,Henry,M,U.K.,924.8888017,30-09-2023,35
118,Alice,F,USA,457.196561,05-01-2023,28
120,Bob,M,India,581.1495891,05-02-2023,40
104,Charlie,male,usa,380.8231983,15-03-2023,40
181,David,Female,UK,,15-04-2023,35
191,Eve,F,India,,20-05-2023,28
141,Eve,F,India,682.7944768,20-05-2023,
160,Frank,M,France,486.2512673,25-06-2023,40
121,Grace,f,france,718.2539568,25-07-2023,28
120,,Male,UK,298.3365428,30-08-2023,
169,Henry,M,U.K.,910.9272642,30-09-2023,28
100,Alice,F,USA,602.4671606,05-01-2023,33
104,Bob,M,India,559.4797936,05-02-2023,40
111,Charlie,male,usa,668.6918308,15-03-2023,
189,David,Female,UK,699.8270902,15-04-2023,40
145,Eve,F,India,257.420645,20-05-2023,33
133,Eve,F,India,746.093777,20-05-2023,35
148,Frank,M,France,393.5453443,25-06-2023,33
177,Grace,f,france,771.162106,25-07-2023,40
189,,Male,UK,858.0278355,30-08-2023,40
144,Henry,M,U.K.,843.166806,30-09-2023,Thirty-five
126,Alice,F,USA,642.0007739,05-01-2023,
172,Bob,M,India,616.1359138,05-02-2023,35
125,Charlie,male,usa,314.3007691,15-03-2023,33
146,David,Female,UK,820.2769203,15-04-2023,
185,Eve,F,India,417.1275044,20-05-2023,25
155,Eve,F,India,,20-05-2023,
193,Frank,M,France,,25-06-2023,25
162,Grace,f,france,307.0626904,25-07-2023,35
147,,Male,UK,703.6461575,30-08-2023,33
160,Henry,M,U.K.,243.4656279,30-09-2023,33
180,Alice,F,USA,798.9161873,05-01-2023,28
125,Bob,M,India,454.0694362,05-02-2023,40
135,Charlie,male,usa,,15-03-2023,30
100,David,Female,UK,608.9033114,15-04-2023,Thirty-five
107,Eve,F,India,,20-05-2023,
198,Eve,F,India,420.9356463,20-05-2023,35
151,Frank,M,France,765.58119,25-06-2023,30
178,Grace,f,france,250.1516973,25-07-2023,
146,,Male,UK,871.4707939,30-08-2023,30
155,Henry,M,U.K.,203.0559381,30-09-2023,35
185,Alice,F,USA,397.4590954,05-01-2023,33
113,Bob,M,India,792.7232449,05-02-2023,35
189,Charlie,male,usa,453.0161198,15-03-2023,
127,David,Female,UK,281.5139105,15-04-2023,30
186,Eve,F,India,488.187135,20-05-2023,40
177,Eve,F,India,416.3146291,20-05-2023,Thirty-five
187,Frank,M,France,874.1695217,25-06-2023,Thirty-five
101,Grace,f,france,450.6783341,25-07-2023,40
125,,Male,UK,831.1459774,30-08-2023,40
113,Henry,M,U.K.,,30-09-2023,33
158,Alice,F,USA,547.0539357,05-01-2023,
155,Bob,M,India,927.9545151,05-02-2023,25
106,Charlie,male,usa,501.8544432,15-03-2023,35
102,David,Female,UK,971.2627332,15-04-2023,Thirty-five
122,Eve,F,India,271.4316196,20-05-2023,
117,Eve,F,India,749.6154132,20-05-2023,35
137,Frank,M,France,,25-06-2023,Thirty-five
198,Grace,f,france,510.1190444,25-07-2023,40
114,,Male,UK,706.169503,30-08-2023,
163,Henry,M,U.K.,763.0856733,30-09-2023,Thirty-five
188,Alice,F,USA,203.4906157,05-01-2023,33
127,Bob,M,India,333.562471,05-02-2023,25
173,Charlie,male,usa,770.4368405,15-03-2023,25
138,David,Female,UK,733.1083309,15-04-2023,40
156,Eve,F,India,972.8380041,20-05-2023,Thirty-five
116,Eve,F,India,808.8302322,20-05-2023,
185,Frank,M,France,960.6181662,25-06-2023,28
189,Grace,f,france,762.0324012,25-07-2023,35
143,,Male,UK,438.4417669,30-08-2023,35
124,Henry,M,U.K.,284.2919378,30-09-2023,30
116,Alice,F,USA,825.4590907,05-01-2023,33
112,Bob,M,India,715.3193772,05-02-2023,Thirty-five
183,Charlie,male,usa,,15-03-2023,
124,David,Female,UK,488.0403727,15-04-2023,
167,Eve,F,India,965.4398524,20-05-2023,30
109,Eve,F,India,600.3209166,20-05-2023,40
166,Frank,M,France,546.1833088,25-06-2023,Thirty-five
117,Grace,f,france,566.1596841,25-07-2023,30
199,,Male,UK,,30-08-2023,25
185,Henry,M,U.K.,494.9657367,30-09-2023,35
